-- phpMyAdmin SQL Dump
-- version 4.4.14
-- http://www.phpmyadmin.net
--
-- Host: 127.0.0.1
-- Generation Time: May 29, 2016 at 10:01 AM
-- Server version: 5.6.26
-- PHP Version: 5.6.12

SET SQL_MODE = "NO_AUTO_VALUE_ON_ZERO";
SET time_zone = "+00:00";


/*!40101 SET @OLD_CHARACTER_SET_CLIENT=@@CHARACTER_SET_CLIENT */;
/*!40101 SET @OLD_CHARACTER_SET_RESULTS=@@CHARACTER_SET_RESULTS */;
/*!40101 SET @OLD_COLLATION_CONNECTION=@@COLLATION_CONNECTION */;
/*!40101 SET NAMES utf8mb4 */;

--
-- Database: `2radb`
--

DELIMITER $$
--
-- Procedures
--
CREATE DEFINER=`root`@`localhost` PROCEDURE `GetLiveIPS`()
    NO SQL
    SQL SECURITY INVOKER
BEGIN
  select ID, IP, VersionNo from tbl_device where Status=1;
End$$

CREATE DEFINER=`root`@`localhost` PROCEDURE `get_schedule`()
    NO SQL
BEGIN
	DECLARE CheckExists int;
    SET CheckExists = 0;
    SELECT count(*) INTO CheckExists FROM tbl_schedule WHERE `Time` > CURTIME();
    IF (CheckExists > 0) THEN
    		SELECT * FROM tbl_schedule WHERE `Time` > CURTIME() ORDER BY `Time` ASC LIMIT 1;
    ELSE
    		SELECT * FROM tbl_schedule ORDER BY `Time` ASC LIMIT 1;
    END IF;
END$$

DELIMITER ;

-- --------------------------------------------------------

--
-- Stand-in structure for view `acs`
--
CREATE TABLE IF NOT EXISTS `acs` (
`Id` int(11)
,`DeviceId` int(11)
,`Status` varchar(200)
,`DSTime` datetime
,`CSTime` datetime
,`IP` varchar(30)
,`SiteId` int(11)
,`SubcentreId` int(11)
,`SiteName` varchar(200)
,`SubcentreName` varchar(100)
,`RegionId` int(11)
,`RegionName` varchar(200)
);

-- --------------------------------------------------------

--
-- Stand-in structure for view `alarmloglastestrecord`
--
CREATE TABLE IF NOT EXISTS `alarmloglastestrecord` (
`DeviceId` int(11)
,`Serial` int(11)
);

-- --------------------------------------------------------

--
-- Stand-in structure for view `alarmloglist`
--
CREATE TABLE IF NOT EXISTS `alarmloglist` (
`Id` int(11)
,`DeviceId` int(11)
,`Alarm` varchar(200)
,`ATime` datetime
,`IP` varchar(30)
,`SiteId` int(11)
,`SubcentreId` int(11)
,`SiteName` varchar(200)
,`SubcentreName` varchar(100)
,`RegionId` int(11)
,`RegionName` varchar(200)
);

-- --------------------------------------------------------

--
-- Stand-in structure for view `bts`
--
CREATE TABLE IF NOT EXISTS `bts` (
`Id` int(11)
,`DeviceId` int(11)
,`Alarm` varchar(50)
,`ATime` datetime
,`CTime` datetime
,`IP` varchar(30)
,`SiteId` int(11)
,`SubcentreId` int(11)
,`SiteName` varchar(200)
,`SubcentreName` varchar(100)
,`RegionId` int(11)
,`RegionName` varchar(200)
);

-- --------------------------------------------------------

--
-- Table structure for table `ci_cookies`
--

CREATE TABLE IF NOT EXISTS `ci_cookies` (
  `id` int(11) NOT NULL,
  `cookie_id` varchar(255) DEFAULT NULL,
  `netid` varchar(255) DEFAULT NULL,
  `ip_address` varchar(255) DEFAULT NULL,
  `user_agent` varchar(255) DEFAULT NULL,
  `orig_page_requested` varchar(120) DEFAULT NULL,
  `php_session_id` varchar(40) DEFAULT NULL,
  `created_at` datetime DEFAULT NULL,
  `updated_at` datetime DEFAULT NULL
) ENGINE=InnoDB DEFAULT CHARSET=latin1;

-- --------------------------------------------------------

--
-- Table structure for table `ci_sessions`
--

CREATE TABLE IF NOT EXISTS `ci_sessions` (
  `session_id` varchar(40) NOT NULL DEFAULT '0',
  `ip_address` varchar(45) NOT NULL DEFAULT '0',
  `user_agent` varchar(120) NOT NULL,
  `last_activity` int(10) unsigned NOT NULL DEFAULT '0',
  `user_data` text NOT NULL
) ENGINE=MyISAM DEFAULT CHARSET=latin1;

--
-- Dumping data for table `ci_sessions`
--

INSERT INTO `ci_sessions` (`session_id`, `ip_address`, `user_agent`, `last_activity`, `user_data`) VALUES
('8e4c67ee678e9a2f727cb880586a42f5', '::1', 'Mozilla/5.0 (Windows NT 6.3; WOW64; rv:44.0) Gecko/20100101 Firefox/44.0', 1450687234, 'a:6:{s:9:"user_name";s:6:"najmul";s:12:"is_logged_in";b:1;s:20:"manufacture_selected";s:0:"";s:22:"search_string_selected";s:4:"DHK3";s:5:"order";s:2:"Id";s:10:"order_type";s:3:"Asc";}'),
('f201d24ec7f8b633d4d01e84eb76215c', '::1', 'Mozilla/5.0 (Windows NT 6.3; WOW64; rv:46.0) Gecko/20100101 Firefox/46.0', 1458039457, '');

-- --------------------------------------------------------

--
-- Stand-in structure for view `devicestatusloglatestrecord`
--
CREATE TABLE IF NOT EXISTS `devicestatusloglatestrecord` (
`DeviceId` int(11)
,`Serial` int(11)
);

-- --------------------------------------------------------

--
-- Stand-in structure for view `devicestatusloglist`
--
CREATE TABLE IF NOT EXISTS `devicestatusloglist` (
`Id` int(11)
,`DeviceId` int(11)
,`Status` varchar(200)
,`DSTime` datetime
,`IP` varchar(30)
,`SiteId` int(11)
,`SubcentreId` int(11)
,`SiteName` varchar(200)
,`SubcentreName` varchar(100)
,`RegionId` int(11)
,`RegionName` varchar(200)
);

-- --------------------------------------------------------

--
-- Table structure for table `manufacturers`
--

CREATE TABLE IF NOT EXISTS `manufacturers` (
  `id` int(11) unsigned NOT NULL,
  `name` varchar(50) DEFAULT NULL
) ENGINE=InnoDB AUTO_INCREMENT=3 DEFAULT CHARSET=utf8;

--
-- Dumping data for table `manufacturers`
--

INSERT INTO `manufacturers` (`id`, `name`) VALUES
(1, 'women'),
(2, 'man');

-- --------------------------------------------------------

--
-- Table structure for table `membership`
--

CREATE TABLE IF NOT EXISTS `membership` (
  `id` int(11) NOT NULL,
  `first_name` varchar(255) DEFAULT NULL,
  `last_name` varchar(255) DEFAULT NULL,
  `email_addres` varchar(255) DEFAULT NULL,
  `user_name` varchar(255) DEFAULT NULL,
  `pass_word` varchar(32) DEFAULT NULL
) ENGINE=InnoDB AUTO_INCREMENT=3 DEFAULT CHARSET=latin1;

--
-- Dumping data for table `membership`
--

INSERT INTO `membership` (`id`, `first_name`, `last_name`, `email_addres`, `user_name`, `pass_word`) VALUES
(1, 'Najmul', 'Huda', 'hnajmul91@gmail.com', 'huda', 'huda'),
(2, 'Najmul', 'huda', 'lucifa1010@gmail.com', 'najmul', '37defca5d13a9640990d59d129f191ed');

-- --------------------------------------------------------

--
-- Table structure for table `products`
--

CREATE TABLE IF NOT EXISTS `products` (
  `id` int(11) unsigned NOT NULL,
  `description` varchar(40) DEFAULT NULL,
  `stock` double DEFAULT NULL,
  `cost_price` double DEFAULT NULL,
  `sell_price` double DEFAULT NULL,
  `manufacture_id` int(11) DEFAULT NULL
) ENGINE=InnoDB AUTO_INCREMENT=3 DEFAULT CHARSET=latin1;

--
-- Dumping data for table `products`
--

INSERT INTO `products` (`id`, `description`, `stock`, `cost_price`, `sell_price`, `manufacture_id`) VALUES
(1, 'cloth', 10, 1230, 50.5, 1),
(2, 'cloth', 10, 1230, 50.5, 2);

-- --------------------------------------------------------

--
-- Table structure for table `tbl_alarmlog`
--

CREATE TABLE IF NOT EXISTS `tbl_alarmlog` (
  `Id` int(11) NOT NULL,
  `DeviceId` int(11) NOT NULL,
  `Alarm` varchar(200) NOT NULL,
  `ATime` datetime NOT NULL
) ENGINE=InnoDB DEFAULT CHARSET=latin1;

-- --------------------------------------------------------

--
-- Table structure for table `tbl_alarmloghistroy`
--

CREATE TABLE IF NOT EXISTS `tbl_alarmloghistroy` (
  `Id` int(11) NOT NULL,
  `DeviceId` int(11) NOT NULL,
  `Alarm` varchar(50) NOT NULL,
  `ATime` datetime NOT NULL,
  `CTime` datetime DEFAULT NULL
) ENGINE=InnoDB AUTO_INCREMENT=1547 DEFAULT CHARSET=latin1;

--
-- Dumping data for table `tbl_alarmloghistroy`
--

INSERT INTO `tbl_alarmloghistroy` (`Id`, `DeviceId`, `Alarm`, `ATime`, `CTime`) VALUES
(918, 21, 'EA1:MAINS FAIL', '2015-11-19 14:32:09', NULL),
(919, 21, ' EA2:TEMPERATURE HIGH', '2015-11-19 14:32:09', NULL),
(920, 21, ' EA7:AVIATION LIGHT FAILURE', '2015-11-19 14:32:09', NULL),
(921, 21, ' EA8:DR open AG', '2015-11-19 14:32:09', NULL),
(922, 20, 'EA1:MAINS FAIL', '2015-11-19 14:35:23', NULL),
(923, 20, ' EA3:FUEL LEVEL LOW', '2015-11-19 14:35:23', NULL),
(924, 20, ' EA6:BATTERY DISCONNECTED PRE ALARM', '2015-11-19 14:35:23', NULL),
(925, 21, 'EA1:MAINS FAIL', '2015-11-19 14:35:25', NULL),
(926, 21, ' EA2:TEMPERATURE HIGH', '2015-11-19 14:35:25', NULL),
(927, 21, ' EA7:AVIATION LIGHT FAILURE', '2015-11-19 14:35:25', NULL),
(928, 21, ' EA8:DR open AG', '2015-11-19 14:35:25', NULL),
(929, 20, 'EA1:MAINS FAIL', '2015-11-19 14:36:23', NULL),
(930, 20, ' EA3:FUEL LEVEL LOW', '2015-11-19 14:36:23', NULL),
(931, 20, ' EA6:BATTERY DISCONNECTED PRE ALARM', '2015-11-19 14:36:23', NULL),
(932, 21, 'EA1:MAINS FAIL', '2015-11-19 14:36:24', NULL),
(933, 21, ' EA2:TEMPERATURE HIGH', '2015-11-19 14:36:24', NULL),
(934, 21, ' EA7:AVIATION LIGHT FAILURE', '2015-11-19 14:36:24', NULL),
(935, 21, ' EA8:DR open AG', '2015-11-19 14:36:24', NULL),
(936, 20, 'EA1:MAINS FAIL', '2015-11-19 14:37:24', NULL),
(937, 20, ' EA3:FUEL LEVEL LOW', '2015-11-19 14:37:24', NULL),
(938, 20, ' EA6:BATTERY DISCONNECTED PRE ALARM', '2015-11-19 14:37:24', NULL),
(939, 21, 'EA1:MAINS FAIL', '2015-11-19 14:37:25', NULL),
(940, 21, ' EA2:TEMPERATURE HIGH', '2015-11-19 14:37:25', NULL),
(941, 21, ' EA7:AVIATION LIGHT FAILURE', '2015-11-19 14:37:25', NULL),
(942, 21, ' EA8:DR open AG', '2015-11-19 14:37:25', NULL),
(943, 20, 'EA1:MAINS FAIL', '2015-11-19 14:38:24', NULL),
(944, 20, ' EA3:FUEL LEVEL LOW', '2015-11-19 14:38:24', NULL),
(945, 20, ' EA6:BATTERY DISCONNECTED PRE ALARM', '2015-11-19 14:38:24', NULL),
(946, 21, 'EA1:MAINS FAIL', '2015-11-19 14:38:25', NULL),
(947, 21, ' EA2:TEMPERATURE HIGH', '2015-11-19 14:38:25', NULL),
(948, 21, ' EA7:AVIATION LIGHT FAILURE', '2015-11-19 14:38:25', NULL),
(949, 21, ' EA8:DR open AG', '2015-11-19 14:38:25', NULL),
(950, 20, 'EA1:MAINS FAIL', '2015-11-19 14:39:24', NULL),
(951, 20, ' EA3:FUEL LEVEL LOW', '2015-11-19 14:39:24', NULL),
(952, 20, ' EA6:BATTERY DISCONNECTED PRE ALARM', '2015-11-19 14:39:24', NULL),
(953, 21, 'EA1:MAINS FAIL', '2015-11-19 14:39:25', NULL),
(954, 21, ' EA2:TEMPERATURE HIGH', '2015-11-19 14:39:25', NULL),
(955, 21, ' EA7:AVIATION LIGHT FAILURE', '2015-11-19 14:39:25', NULL),
(956, 21, ' EA8:DR open AG', '2015-11-19 14:39:25', NULL),
(957, 20, 'EA1:MAINS FAIL', '2015-11-19 14:40:25', NULL),
(958, 20, ' EA3:FUEL LEVEL LOW', '2015-11-19 14:40:25', NULL),
(959, 20, ' EA6:BATTERY DISCONNECTED PRE ALARM', '2015-11-19 14:40:25', NULL),
(960, 21, 'EA1:MAINS FAIL', '2015-11-19 14:40:25', NULL),
(961, 21, ' EA2:TEMPERATURE HIGH', '2015-11-19 14:40:25', NULL),
(962, 21, ' EA7:AVIATION LIGHT FAILURE', '2015-11-19 14:40:25', NULL),
(963, 21, ' EA8:DR open AG', '2015-11-19 14:40:25', NULL),
(964, 20, 'EA1:MAINS FAIL', '2015-11-19 14:41:25', NULL),
(965, 20, ' EA3:FUEL LEVEL LOW', '2015-11-19 14:41:25', NULL),
(966, 20, 'EA6:BATTERY DISCONNECTED PRE ALARM', '2015-11-19 14:35:23', '2015-11-19 14:41:25'),
(967, 21, 'EA1:MAINS FAIL', '2015-11-19 14:32:09', '2015-11-19 14:41:26'),
(968, 21, ' EA2:TEMPERATURE HIGH', '2015-11-19 14:41:26', NULL),
(969, 21, ' EA7:AVIATION LIGHT FAILURE', '2015-11-19 14:41:26', NULL),
(970, 21, ' EA8:DR open AG', '2015-11-19 14:41:26', NULL),
(971, 20, 'EA1:MAINS FAIL', '2015-11-19 14:42:25', NULL),
(972, 20, ' EA3:FUEL LEVEL LOW', '2015-11-19 14:42:25', NULL),
(973, 21, ' EA2:TEMPERATURE HIGH', '2015-11-19 14:42:26', NULL),
(974, 21, ' EA7:AVIATION LIGHT FAILURE', '2015-11-19 14:42:26', NULL),
(975, 21, ' EA8:DR open AG', '2015-11-19 14:42:26', NULL),
(976, 20, 'EA1:MAINS FAIL', '2015-11-23 15:36:06', NULL),
(977, 20, ' EA3:FUEL LEVEL LOW', '2015-11-23 15:36:06', NULL),
(978, 21, ' EA2:TEMPERATURE HIGH', '2015-11-23 15:36:06', NULL),
(979, 21, ' EA7:AVIATION LIGHT FAILURE', '2015-11-23 15:36:06', NULL),
(980, 21, ' EA8:DR open AG', '2015-11-23 15:36:06', NULL),
(981, 20, 'EA1:MAINS FAIL', '2015-11-23 15:36:55', NULL),
(982, 20, ' EA3:FUEL LEVEL LOW', '2015-11-23 15:36:55', NULL),
(983, 20, 'EA1:MAINS FAIL', '2015-11-23 15:36:55', NULL),
(984, 20, ' EA3:FUEL LEVEL LOW', '2015-11-23 15:36:55', NULL),
(985, 21, ' EA2:TEMPERATURE HIGH', '2015-11-23 15:36:56', NULL),
(986, 21, ' EA7:AVIATION LIGHT FAILURE', '2015-11-23 15:36:56', NULL),
(987, 21, ' EA8:DR open AG', '2015-11-23 15:36:56', NULL),
(988, 21, ' EA2:TEMPERATURE HIGH', '2015-11-23 15:36:56', NULL),
(989, 21, ' EA7:AVIATION LIGHT FAILURE', '2015-11-23 15:36:56', NULL),
(990, 21, ' EA8:DR open AG', '2015-11-23 15:36:56', NULL),
(991, 20, 'EA1:MAINS FAIL', '2015-11-23 15:37:06', NULL),
(992, 20, ' EA3:FUEL LEVEL LOW', '2015-11-23 15:37:06', NULL),
(993, 20, 'EA1:MAINS FAIL', '2015-11-23 15:37:06', NULL),
(994, 20, ' EA3:FUEL LEVEL LOW', '2015-11-23 15:37:06', NULL),
(995, 21, ' EA2:TEMPERATURE HIGH', '2015-11-23 15:37:07', NULL),
(996, 21, ' EA7:AVIATION LIGHT FAILURE', '2015-11-23 15:37:07', NULL),
(997, 21, ' EA8:DR open AG', '2015-11-23 15:37:07', NULL),
(998, 21, ' EA2:TEMPERATURE HIGH', '2015-11-23 15:37:07', NULL),
(999, 21, ' EA7:AVIATION LIGHT FAILURE', '2015-11-23 15:37:07', NULL),
(1000, 21, ' EA8:DR open AG', '2015-11-23 15:37:07', NULL),
(1001, 20, 'EA1:MAINS FAIL', '2015-11-23 15:41:38', NULL),
(1002, 20, ' EA3:FUEL LEVEL LOW', '2015-11-23 15:41:38', NULL),
(1003, 20, 'EA1:MAINS FAIL', '2015-11-23 15:41:39', NULL),
(1004, 20, ' EA3:FUEL LEVEL LOW', '2015-11-23 15:41:39', NULL),
(1005, 20, 'EA1:MAINS FAIL', '2015-11-23 15:41:39', NULL),
(1006, 20, ' EA3:FUEL LEVEL LOW', '2015-11-23 15:41:39', NULL),
(1007, 21, ' EA2:TEMPERATURE HIGH', '2015-11-23 15:41:39', NULL),
(1008, 21, ' EA7:AVIATION LIGHT FAILURE', '2015-11-23 15:41:39', NULL),
(1009, 21, ' EA8:DR open AG', '2015-11-23 15:41:39', NULL),
(1010, 21, ' EA2:TEMPERATURE HIGH', '2015-11-23 15:41:39', NULL),
(1011, 21, ' EA7:AVIATION LIGHT FAILURE', '2015-11-23 15:41:39', NULL),
(1012, 21, ' EA8:DR open AG', '2015-11-23 15:41:39', NULL),
(1013, 21, ' EA2:TEMPERATURE HIGH', '2015-11-23 15:41:40', NULL),
(1014, 21, ' EA7:AVIATION LIGHT FAILURE', '2015-11-23 15:41:40', NULL),
(1015, 21, ' EA8:DR open AG', '2015-11-23 15:41:40', NULL),
(1016, 20, 'EA1:MAINS FAIL', '2015-11-23 15:43:05', NULL),
(1017, 20, ' EA3:FUEL LEVEL LOW', '2015-11-23 15:43:05', NULL),
(1018, 21, ' EA2:TEMPERATURE HIGH', '2015-11-23 15:43:05', NULL),
(1019, 21, ' EA7:AVIATION LIGHT FAILURE', '2015-11-23 15:43:05', NULL),
(1020, 21, ' EA8:DR open AG', '2015-11-23 15:43:05', NULL),
(1021, 20, 'EA1:MAINS FAIL', '2015-11-23 15:43:26', NULL),
(1022, 20, ' EA3:FUEL LEVEL LOW', '2015-11-23 15:43:26', NULL),
(1023, 21, ' EA2:TEMPERATURE HIGH', '2015-11-23 15:43:26', NULL),
(1024, 21, ' EA7:AVIATION LIGHT FAILURE', '2015-11-23 15:43:26', NULL),
(1025, 21, ' EA8:DR open AG', '2015-11-23 15:43:26', NULL),
(1026, 20, 'EA1:MAINS FAIL', '2015-11-23 15:43:47', NULL),
(1027, 20, ' EA3:FUEL LEVEL LOW', '2015-11-23 15:43:47', NULL),
(1028, 21, ' EA2:TEMPERATURE HIGH', '2015-11-23 15:43:48', NULL),
(1029, 21, ' EA7:AVIATION LIGHT FAILURE', '2015-11-23 15:43:48', NULL),
(1030, 21, ' EA8:DR open AG', '2015-11-23 15:43:48', NULL),
(1031, 20, 'EA1:MAINS FAIL', '2015-11-23 15:44:08', NULL),
(1032, 20, ' EA3:FUEL LEVEL LOW', '2015-11-23 15:44:08', NULL),
(1033, 21, ' EA2:TEMPERATURE HIGH', '2015-11-23 15:44:08', NULL),
(1034, 21, ' EA7:AVIATION LIGHT FAILURE', '2015-11-23 15:44:08', NULL),
(1035, 21, ' EA8:DR open AG', '2015-11-23 15:44:08', NULL),
(1036, 20, 'EA1:MAINS FAIL', '2015-11-23 15:44:50', NULL),
(1037, 20, ' EA3:FUEL LEVEL LOW', '2015-11-23 15:44:50', NULL),
(1038, 21, ' EA2:TEMPERATURE HIGH', '2015-11-23 15:44:51', NULL),
(1039, 21, ' EA7:AVIATION LIGHT FAILURE', '2015-11-23 15:44:51', NULL),
(1040, 21, ' EA8:DR open AG', '2015-11-23 15:44:51', NULL),
(1041, 20, 'EA1:MAINS FAIL', '2015-11-23 15:45:11', NULL),
(1042, 20, ' EA3:FUEL LEVEL LOW', '2015-11-23 15:45:11', NULL),
(1043, 21, ' EA2:TEMPERATURE HIGH', '2015-11-23 15:45:12', NULL),
(1044, 21, ' EA7:AVIATION LIGHT FAILURE', '2015-11-23 15:45:12', NULL),
(1045, 21, ' EA8:DR open AG', '2015-11-23 15:45:12', NULL),
(1046, 20, 'EA1:MAINS FAIL', '2015-11-23 15:45:32', NULL),
(1047, 20, ' EA3:FUEL LEVEL LOW', '2015-11-23 15:45:32', NULL),
(1048, 21, ' EA2:TEMPERATURE HIGH', '2015-11-23 15:45:33', NULL),
(1049, 21, ' EA7:AVIATION LIGHT FAILURE', '2015-11-23 15:45:33', NULL),
(1050, 21, ' EA8:DR open AG', '2015-11-23 15:45:33', NULL),
(1051, 20, 'EA1:MAINS FAIL', '2015-11-23 15:46:35', NULL),
(1052, 20, ' EA3:FUEL LEVEL LOW', '2015-11-23 15:46:35', NULL),
(1053, 21, ' EA2:TEMPERATURE HIGH', '2015-11-23 15:46:36', NULL),
(1054, 21, ' EA7:AVIATION LIGHT FAILURE', '2015-11-23 15:46:36', NULL),
(1055, 21, ' EA8:DR open AG', '2015-11-23 15:46:36', NULL),
(1056, 20, 'EA1:MAINS FAIL', '2015-11-23 15:47:38', NULL),
(1057, 20, ' EA3:FUEL LEVEL LOW', '2015-11-23 15:47:38', NULL),
(1058, 21, ' EA2:TEMPERATURE HIGH', '2015-11-23 15:47:39', NULL),
(1059, 21, ' EA7:AVIATION LIGHT FAILURE', '2015-11-23 15:47:39', NULL),
(1060, 21, ' EA8:DR open AG', '2015-11-23 15:47:39', NULL),
(1061, 20, 'EA1:MAINS FAIL', '2015-11-23 15:47:59', NULL),
(1062, 20, ' EA3:FUEL LEVEL LOW', '2015-11-23 15:47:59', NULL),
(1063, 21, ' EA2:TEMPERATURE HIGH', '2015-11-23 15:48:01', NULL),
(1064, 21, ' EA7:AVIATION LIGHT FAILURE', '2015-11-23 15:48:01', NULL),
(1065, 21, ' EA8:DR open AG', '2015-11-23 15:48:01', NULL),
(1066, 20, 'EA1:MAINS FAIL', '2015-11-23 15:48:20', NULL),
(1067, 20, ' EA3:FUEL LEVEL LOW', '2015-11-23 15:48:20', NULL),
(1068, 21, ' EA2:TEMPERATURE HIGH', '2015-11-23 15:48:21', NULL),
(1069, 21, ' EA7:AVIATION LIGHT FAILURE', '2015-11-23 15:48:21', NULL),
(1070, 21, ' EA8:DR open AG', '2015-11-23 15:48:21', NULL),
(1071, 20, 'EA1:MAINS FAIL', '2015-11-23 15:49:23', NULL),
(1072, 20, ' EA3:FUEL LEVEL LOW', '2015-11-23 15:49:23', NULL),
(1073, 20, 'EA1:MAINS FAIL', '2015-11-23 15:50:26', NULL),
(1074, 20, ' EA3:FUEL LEVEL LOW', '2015-11-23 15:50:26', NULL),
(1075, 21, ' EA2:TEMPERATURE HIGH', '2015-11-23 15:50:27', NULL),
(1076, 21, ' EA7:AVIATION LIGHT FAILURE', '2015-11-23 15:50:27', NULL),
(1077, 21, ' EA8:DR open AG', '2015-11-23 15:50:27', NULL),
(1078, 20, 'EA1:MAINS FAIL', '2015-11-23 15:50:47', NULL),
(1079, 20, ' EA3:FUEL LEVEL LOW', '2015-11-23 15:50:47', NULL),
(1080, 21, ' EA2:TEMPERATURE HIGH', '2015-11-23 15:50:48', NULL),
(1081, 21, ' EA7:AVIATION LIGHT FAILURE', '2015-11-23 15:50:48', NULL),
(1082, 21, ' EA8:DR open AG', '2015-11-23 15:50:48', NULL),
(1083, 20, 'EA1:MAINS FAIL', '2015-11-23 15:51:08', NULL),
(1084, 20, ' EA3:FUEL LEVEL LOW', '2015-11-23 15:51:08', NULL),
(1085, 21, ' EA2:TEMPERATURE HIGH', '2015-11-23 15:51:09', NULL),
(1086, 21, ' EA7:AVIATION LIGHT FAILURE', '2015-11-23 15:51:09', NULL),
(1087, 21, ' EA8:DR open AG', '2015-11-23 15:51:09', NULL),
(1088, 20, 'EA1:MAINS FAIL', '2015-11-23 15:51:29', NULL),
(1089, 20, ' EA3:FUEL LEVEL LOW', '2015-11-23 15:51:29', NULL),
(1090, 20, 'EA1:MAINS FAIL', '2015-11-28 12:42:08', NULL),
(1091, 20, ' EA3:FUEL LEVEL LOW', '2015-11-28 12:42:08', NULL),
(1092, 21, ' EA2:TEMPERATURE HIGH', '2015-11-28 12:42:09', NULL),
(1093, 21, ' EA7:AVIATION LIGHT FAILURE', '2015-11-28 12:42:09', NULL),
(1094, 21, ' EA8:DR open AG', '2015-11-28 12:42:09', NULL),
(1095, 20, 'EA1:MAINS FAIL', '2015-11-23 15:36:55', '2015-11-29 16:36:26'),
(1096, 20, 'EA3:FUEL LEVEL LOW', '2015-11-23 15:36:55', '2015-11-29 16:36:26'),
(1097, 20, ' EA8:DR open AG', '2015-11-29 16:36:26', NULL),
(1098, 21, 'EA2:TEMPERATURE HIGH', '2015-11-23 15:36:56', '2015-11-29 16:36:28'),
(1099, 21, 'EA7:AVIATION LIGHT FAILURE', '2015-11-23 15:36:56', '2015-11-29 16:36:28'),
(1100, 21, ' EA8:DR open AG', '2015-11-29 16:36:28', NULL),
(1101, 20, ' EA8:DR open AG', '2015-11-29 16:37:26', NULL),
(1102, 21, ' EA8:DR open AG', '2015-11-29 16:37:27', NULL),
(1103, 20, ' EA8:DR open AG', '2015-11-29 16:53:32', NULL),
(1104, 21, ' EA8:DR open AG', '2015-11-29 16:53:32', NULL),
(1105, 20, ' EA8:DR open AG', '2015-11-29 16:54:30', NULL),
(1106, 21, ' EA8:DR open AG', '2015-11-29 16:54:31', NULL),
(1107, 20, ' EA8:DR open AG', '2015-11-29 16:55:31', NULL),
(1108, 21, ' EA8:DR open AG', '2015-11-29 16:55:31', NULL),
(1109, 20, ' EA8:DR open AG', '2015-11-29 16:56:31', NULL),
(1110, 21, ' EA8:DR open AG', '2015-11-29 16:56:31', NULL),
(1111, 20, ' EA8:DR open AG', '2015-11-29 16:57:31', NULL),
(1112, 21, ' EA8:DR open AG', '2015-11-29 16:57:32', NULL),
(1113, 20, ' EA8:DR open AG', '2015-11-29 16:58:31', NULL),
(1114, 21, ' EA8:DR open AG', '2015-11-29 16:58:32', NULL),
(1115, 20, ' EA8:DR open AG', '2015-11-29 16:59:31', NULL),
(1116, 21, ' EA8:DR open AG', '2015-11-29 16:59:32', NULL),
(1117, 20, ' EA8:DR open AG', '2015-11-29 17:00:32', NULL),
(1118, 21, ' EA8:DR open AG', '2015-11-29 17:00:32', NULL),
(1119, 20, ' EA8:DR open AG', '2015-11-29 17:01:32', NULL),
(1120, 21, ' EA8:DR open AG', '2015-11-29 17:01:33', NULL),
(1121, 20, ' EA8:DR open AG', '2015-11-29 17:02:32', NULL),
(1122, 21, ' EA8:DR open AG', '2015-11-29 17:02:33', NULL),
(1123, 20, ' EA8:DR open AG', '2015-11-29 17:03:32', NULL),
(1124, 21, ' EA8:DR open AG', '2015-11-29 17:03:33', NULL),
(1125, 20, ' EA8:DR open AG', '2015-11-29 17:04:33', NULL),
(1126, 21, ' EA8:DR open AG', '2015-11-29 17:04:33', NULL),
(1127, 20, ' EA8:DR open AG', '2015-11-29 17:05:33', NULL),
(1128, 21, ' EA8:DR open AG', '2015-11-29 17:05:33', NULL),
(1129, 20, ' EA8:DR open AG', '2015-11-29 17:06:33', NULL),
(1130, 21, ' EA8:DR open AG', '2015-11-29 17:06:34', NULL),
(1131, 20, ' EA8:DR open AG', '2015-11-29 17:07:33', NULL),
(1132, 21, ' EA8:DR open AG', '2015-11-29 17:07:34', NULL),
(1133, 20, ' EA8:DR open AG', '2015-11-29 17:08:33', NULL),
(1134, 21, ' EA8:DR open AG', '2015-11-29 17:08:34', NULL),
(1135, 20, ' EA8:DR open AG', '2015-11-29 17:09:34', NULL),
(1136, 21, ' EA8:DR open AG', '2015-11-29 17:09:34', NULL),
(1137, 20, ' EA8:DR open AG', '2015-11-29 17:10:34', NULL),
(1138, 21, ' EA8:DR open AG', '2015-11-29 17:10:34', NULL),
(1139, 20, ' EA8:DR open AG', '2015-11-29 17:11:34', NULL),
(1140, 21, ' EA8:DR open AG', '2015-11-29 17:11:35', NULL),
(1141, 20, ' EA8:DR open AG', '2015-11-29 17:12:36', NULL),
(1142, 21, ' EA8:DR open AG', '2015-11-29 17:12:38', NULL),
(1143, 20, ' EA8:DR open AG', '2015-11-29 17:13:37', NULL),
(1144, 21, ' EA8:DR open AG', '2015-11-29 17:13:37', NULL),
(1145, 20, ' EA8:DR open AG', '2015-11-29 17:14:35', NULL),
(1146, 21, ' EA8:DR open AG', '2015-11-29 17:14:35', NULL),
(1147, 20, ' EA8:DR open AG', '2015-11-29 17:15:35', NULL),
(1148, 21, ' EA8:DR open AG', '2015-11-29 17:15:35', NULL),
(1149, 20, ' EA8:DR open AG', '2015-11-29 17:16:35', NULL),
(1150, 21, ' EA8:DR open AG', '2015-11-29 17:16:35', NULL),
(1151, 20, ' EA8:DR open AG', '2015-11-29 17:17:35', NULL),
(1152, 21, ' EA8:DR open AG', '2015-11-29 17:17:36', NULL),
(1153, 20, ' EA8:DR open AG', '2015-11-29 17:18:35', NULL),
(1154, 21, ' EA8:DR open AG', '2015-11-29 17:18:36', NULL),
(1155, 20, ' EA8:DR open AG', '2015-11-29 17:19:36', NULL),
(1156, 21, ' EA8:DR open AG', '2015-11-29 17:19:36', NULL),
(1157, 20, ' EA8:DR open AG', '2015-11-29 17:20:36', NULL),
(1158, 21, ' EA8:DR open AG', '2015-11-29 17:20:36', NULL),
(1159, 20, ' EA8:DR open AG', '2015-11-29 17:21:36', NULL),
(1160, 21, ' EA8:DR open AG', '2015-11-29 17:21:36', NULL),
(1161, 20, ' EA8:DR open AG', '2015-11-29 17:22:36', NULL),
(1162, 21, ' EA8:DR open AG', '2015-11-29 17:22:36', NULL),
(1163, 20, ' EA8:DR open AG', '2015-11-29 17:23:38', NULL),
(1164, 21, ' EA8:DR open AG', '2015-11-29 17:23:39', NULL),
(1165, 20, ' EA8:DR open AG', '2015-11-29 17:24:36', NULL),
(1166, 21, ' EA8:DR open AG', '2015-11-29 17:24:37', NULL),
(1167, 20, ' EA8:DR open AG', '2015-11-29 17:25:36', NULL),
(1168, 21, ' EA8:DR open AG', '2015-11-29 17:25:37', NULL),
(1169, 20, ' EA8:DR open AG', '2015-11-29 17:26:37', NULL),
(1170, 21, ' EA8:DR open AG', '2015-11-29 17:26:37', NULL),
(1171, 20, ' EA8:DR open AG', '2015-11-29 17:27:39', NULL),
(1172, 21, ' EA8:DR open AG', '2015-11-29 17:27:41', NULL),
(1173, 20, ' EA8:DR open AG', '2015-11-29 17:28:37', NULL),
(1174, 21, ' EA8:DR open AG', '2015-11-29 17:28:38', NULL),
(1175, 20, ' EA8:DR open AG', '2015-11-29 17:29:38', NULL),
(1176, 21, ' EA8:DR open AG', '2015-11-29 17:29:38', NULL),
(1177, 20, ' EA8:DR open AG', '2015-11-29 17:30:38', NULL),
(1178, 21, ' EA8:DR open AG', '2015-11-29 17:30:38', NULL),
(1179, 20, ' EA8:DR open AG', '2015-11-29 17:31:38', NULL),
(1180, 21, ' EA8:DR open AG', '2015-11-29 17:31:38', NULL),
(1181, 20, ' EA8:DR open AG', '2015-11-29 17:32:39', NULL),
(1182, 21, ' EA8:DR open AG', '2015-11-29 17:32:42', NULL),
(1183, 20, ' EA8:DR open AG', '2015-11-29 17:33:40', NULL),
(1184, 21, ' EA8:DR open AG', '2015-11-29 17:33:40', NULL),
(1185, 20, ' EA8:DR open AG', '2015-11-29 17:34:38', NULL),
(1186, 21, ' EA8:DR open AG', '2015-11-29 17:34:39', NULL),
(1187, 20, ' EA8:DR open AG', '2015-11-29 17:35:39', NULL),
(1188, 21, ' EA8:DR open AG', '2015-11-29 17:35:39', NULL),
(1189, 20, ' EA8:DR open AG', '2015-11-29 17:36:39', NULL),
(1190, 21, ' EA8:DR open AG', '2015-11-29 17:36:39', NULL),
(1191, 20, ' EA8:DR open AG', '2015-11-29 17:37:39', NULL),
(1192, 21, ' EA8:DR open AG', '2015-11-29 17:37:39', NULL),
(1193, 20, ' EA8:DR open AG', '2015-11-29 17:38:39', NULL),
(1194, 21, ' EA8:DR open AG', '2015-11-29 17:38:39', NULL),
(1195, 20, ' EA8:DR open AG', '2015-11-29 17:39:39', NULL),
(1196, 21, ' EA8:DR open AG', '2015-11-29 17:39:40', NULL),
(1197, 20, ' EA8:DR open AG', '2015-11-29 17:40:39', NULL),
(1198, 21, ' EA8:DR open AG', '2015-11-29 17:40:40', NULL),
(1199, 20, ' EA8:DR open AG', '2015-11-29 17:41:40', NULL),
(1200, 21, ' EA8:DR open AG', '2015-11-29 17:41:40', NULL),
(1201, 20, 'EA1:MAINS FAIL', '2015-11-30 14:16:55', NULL),
(1202, 20, ' EA2:TEMPERATURE HIGH', '2015-11-30 14:16:55', NULL),
(1203, 20, ' EA4:GENERATOR RUNNING', '2015-11-30 14:16:55', NULL),
(1204, 20, ' EA8:DR open AG', '2015-11-30 14:16:55', NULL),
(1205, 21, ' EA7:AVIATION LIGHT FAILURE', '2015-11-30 14:16:57', NULL),
(1206, 21, ' EA8:DR open AG', '2015-11-30 14:16:57', NULL),
(1207, 20, 'EA1:MAINS FAIL', '2015-11-30 14:17:54', NULL),
(1208, 20, ' EA2:TEMPERATURE HIGH', '2015-11-30 14:17:54', NULL),
(1209, 20, ' EA4:GENERATOR RUNNING', '2015-11-30 14:17:54', NULL),
(1210, 20, ' EA8:DR open AG', '2015-11-30 14:17:54', NULL),
(1211, 21, ' EA7:AVIATION LIGHT FAILURE', '2015-11-30 14:17:55', NULL),
(1212, 21, ' EA8:DR open AG', '2015-11-30 14:17:55', NULL),
(1213, 20, 'EA1:MAINS FAIL', '2015-11-30 14:18:54', NULL),
(1214, 20, ' EA2:TEMPERATURE HIGH', '2015-11-30 14:18:54', NULL),
(1215, 20, ' EA4:GENERATOR RUNNING', '2015-11-30 14:18:54', NULL),
(1216, 20, ' EA8:DR open AG', '2015-11-30 14:18:54', NULL),
(1217, 21, ' EA7:AVIATION LIGHT FAILURE', '2015-11-30 14:18:55', NULL),
(1218, 21, ' EA8:DR open AG', '2015-11-30 14:18:55', NULL),
(1219, 20, 'EA1:MAINS FAIL', '2015-11-30 14:19:54', NULL),
(1220, 20, ' EA2:TEMPERATURE HIGH', '2015-11-30 14:19:54', NULL),
(1221, 20, ' EA4:GENERATOR RUNNING', '2015-11-30 14:19:54', NULL),
(1222, 20, ' EA8:DR open AG', '2015-11-30 14:19:54', NULL),
(1223, 21, ' EA7:AVIATION LIGHT FAILURE', '2015-11-30 14:19:55', NULL),
(1224, 21, ' EA8:DR open AG', '2015-11-30 14:19:55', NULL),
(1225, 20, 'EA1:MAINS FAIL', '2015-11-30 16:11:41', NULL),
(1226, 20, ' EA2:TEMPERATURE HIGH', '2015-11-30 16:11:41', NULL),
(1227, 20, ' EA4:GENERATOR RUNNING', '2015-11-30 16:11:41', NULL),
(1228, 20, ' EA8:DR open AG', '2015-11-30 16:11:41', NULL),
(1229, 21, ' EA7:AVIATION LIGHT FAILURE', '2015-11-30 16:11:41', NULL),
(1230, 21, ' EA8:DR open AG', '2015-11-30 16:11:41', NULL),
(1231, 20, 'EA1:MAINS FAIL', '2015-12-01 09:43:17', NULL),
(1232, 20, ' EA2:TEMPERATURE HIGH', '2015-12-01 09:43:17', NULL),
(1233, 20, ' EA4:GENERATOR RUNNING', '2015-12-01 09:43:17', NULL),
(1234, 20, ' EA8:DR open AG', '2015-12-01 09:43:17', NULL),
(1235, 21, ' EA7:AVIATION LIGHT FAILURE', '2015-12-01 09:43:17', NULL),
(1236, 21, ' EA8:DR open AG', '2015-12-01 09:43:17', NULL),
(1237, 20, 'EA1:MAINS FAIL', '2015-12-01 09:44:38', NULL),
(1238, 20, ' EA2:TEMPERATURE HIGH', '2015-12-01 09:44:38', NULL),
(1239, 20, ' EA4:GENERATOR RUNNING', '2015-12-01 09:44:38', NULL),
(1240, 20, ' EA8:DR open AG', '2015-12-01 09:44:38', NULL),
(1241, 21, ' EA7:AVIATION LIGHT FAILURE', '2015-12-01 09:44:39', NULL),
(1242, 21, ' EA8:DR open AG', '2015-12-01 09:44:39', NULL),
(1243, 20, 'EA1:MAINS FAIL', '2015-12-01 09:45:39', NULL),
(1244, 20, ' EA2:TEMPERATURE HIGH', '2015-12-01 09:45:39', NULL),
(1245, 20, ' EA4:GENERATOR RUNNING', '2015-12-01 09:45:39', NULL),
(1246, 20, ' EA8:DR open AG', '2015-12-01 09:45:39', NULL),
(1247, 21, ' EA7:AVIATION LIGHT FAILURE', '2015-12-01 09:45:39', NULL),
(1248, 21, ' EA8:DR open AG', '2015-12-01 09:45:39', NULL),
(1249, 20, 'EA1:MAINS FAIL', '2015-12-05 09:34:52', NULL),
(1250, 20, ' EA2:TEMPERATURE HIGH', '2015-12-05 09:34:52', NULL),
(1251, 20, ' EA4:GENERATOR RUNNING', '2015-12-05 09:34:52', NULL),
(1252, 20, ' EA8:DR open AG', '2015-12-05 09:34:52', NULL),
(1253, 21, ' EA7:AVIATION LIGHT FAILURE', '2015-12-05 09:34:53', NULL),
(1254, 21, ' EA8:DR open AG', '2015-12-05 09:34:53', NULL),
(1255, 20, 'EA1:MAINS FAIL', '2015-12-05 09:37:06', NULL),
(1256, 20, ' EA2:TEMPERATURE HIGH', '2015-12-05 09:37:06', NULL),
(1257, 20, ' EA4:GENERATOR RUNNING', '2015-12-05 09:37:06', NULL),
(1258, 20, ' EA8:DR open AG', '2015-12-05 09:37:06', NULL),
(1259, 20, 'EA1:MAINS FAIL', '2015-12-05 09:37:37', NULL),
(1260, 20, ' EA2:TEMPERATURE HIGH', '2015-12-05 09:37:37', NULL),
(1261, 20, ' EA4:GENERATOR RUNNING', '2015-12-05 09:37:37', NULL),
(1262, 20, ' EA8:DR open AG', '2015-12-05 09:37:37', NULL),
(1263, 21, ' EA7:AVIATION LIGHT FAILURE', '2015-12-05 09:37:38', NULL),
(1264, 21, ' EA8:DR open AG', '2015-12-05 09:37:38', NULL),
(1265, 20, 'EA1:MAINS FAIL', '2015-12-05 09:38:37', NULL),
(1266, 20, ' EA2:TEMPERATURE HIGH', '2015-12-05 09:38:37', NULL),
(1267, 20, ' EA4:GENERATOR RUNNING', '2015-12-05 09:38:37', NULL),
(1268, 20, ' EA8:DR open AG', '2015-12-05 09:38:37', NULL),
(1269, 21, ' EA7:AVIATION LIGHT FAILURE', '2015-12-05 09:38:37', NULL),
(1270, 21, ' EA8:DR open AG', '2015-12-05 09:38:37', NULL),
(1271, 20, 'EA1:MAINS FAIL', '2015-12-05 10:03:23', NULL),
(1272, 20, ' EA2:TEMPERATURE HIGH', '2015-12-05 10:03:23', NULL),
(1273, 20, ' EA4:GENERATOR RUNNING', '2015-12-05 10:03:23', NULL),
(1274, 20, ' EA8:DR open AG', '2015-12-05 10:03:23', NULL),
(1275, 21, ' EA7:AVIATION LIGHT FAILURE', '2015-12-05 10:03:24', NULL),
(1276, 21, ' EA8:DR open AG', '2015-12-05 10:03:24', NULL),
(1277, 20, 'EA1:MAINS FAIL', '2015-12-05 10:04:42', NULL),
(1278, 20, ' EA2:TEMPERATURE HIGH', '2015-12-05 10:04:42', NULL),
(1279, 20, ' EA4:GENERATOR RUNNING', '2015-12-05 10:04:42', NULL),
(1280, 20, ' EA8:DR open AG', '2015-12-05 10:04:42', NULL),
(1281, 21, ' EA7:AVIATION LIGHT FAILURE', '2015-12-05 10:04:43', NULL),
(1282, 21, ' EA8:DR open AG', '2015-12-05 10:04:43', NULL),
(1283, 20, 'EA1:MAINS FAIL', '2015-12-05 10:05:42', NULL),
(1284, 20, ' EA2:TEMPERATURE HIGH', '2015-12-05 10:05:42', NULL),
(1285, 20, ' EA4:GENERATOR RUNNING', '2015-12-05 10:05:42', NULL),
(1286, 20, ' EA8:DR open AG', '2015-12-05 10:05:42', NULL),
(1287, 21, ' EA7:AVIATION LIGHT FAILURE', '2015-12-05 10:05:43', NULL),
(1288, 21, ' EA8:DR open AG', '2015-12-05 10:05:43', NULL),
(1289, 20, 'EA1:MAINS FAIL', '2015-12-05 10:06:42', NULL),
(1290, 20, ' EA2:TEMPERATURE HIGH', '2015-12-05 10:06:42', NULL),
(1291, 20, ' EA4:GENERATOR RUNNING', '2015-12-05 10:06:42', NULL),
(1292, 20, ' EA8:DR open AG', '2015-12-05 10:06:42', NULL),
(1293, 21, ' EA7:AVIATION LIGHT FAILURE', '2015-12-05 10:06:43', NULL),
(1294, 21, ' EA8:DR open AG', '2015-12-05 10:06:43', NULL),
(1295, 20, 'EA1:MAINS FAIL', '2015-12-05 10:07:43', NULL),
(1296, 20, ' EA2:TEMPERATURE HIGH', '2015-12-05 10:07:43', NULL),
(1297, 20, ' EA4:GENERATOR RUNNING', '2015-12-05 10:07:43', NULL),
(1298, 20, ' EA8:DR open AG', '2015-12-05 10:07:43', NULL),
(1299, 21, ' EA7:AVIATION LIGHT FAILURE', '2015-12-05 10:07:43', NULL),
(1300, 21, ' EA8:DR open AG', '2015-12-05 10:07:43', NULL),
(1301, 20, 'EA1:MAINS FAIL', '2015-12-05 10:08:43', NULL),
(1302, 20, ' EA2:TEMPERATURE HIGH', '2015-12-05 10:08:43', NULL),
(1303, 20, ' EA4:GENERATOR RUNNING', '2015-12-05 10:08:43', NULL),
(1304, 20, ' EA8:DR open AG', '2015-12-05 10:08:43', NULL),
(1305, 21, ' EA7:AVIATION LIGHT FAILURE', '2015-12-05 10:08:44', NULL),
(1306, 21, ' EA8:DR open AG', '2015-12-05 10:08:44', NULL),
(1307, 20, 'EA1:MAINS FAIL', '2015-12-05 10:09:43', NULL),
(1308, 20, ' EA2:TEMPERATURE HIGH', '2015-12-05 10:09:43', NULL),
(1309, 20, ' EA4:GENERATOR RUNNING', '2015-12-05 10:09:43', NULL),
(1310, 20, ' EA8:DR open AG', '2015-12-05 10:09:43', NULL),
(1311, 21, ' EA7:AVIATION LIGHT FAILURE', '2015-12-05 10:09:44', NULL),
(1312, 21, ' EA8:DR open AG', '2015-12-05 10:09:44', NULL),
(1313, 20, 'EA1:MAINS FAIL', '2015-12-05 10:10:43', NULL),
(1314, 20, ' EA2:TEMPERATURE HIGH', '2015-12-05 10:10:43', NULL),
(1315, 20, ' EA4:GENERATOR RUNNING', '2015-12-05 10:10:43', NULL),
(1316, 20, ' EA8:DR open AG', '2015-12-05 10:10:43', NULL),
(1317, 21, ' EA7:AVIATION LIGHT FAILURE', '2015-12-05 10:10:44', NULL),
(1318, 21, ' EA8:DR open AG', '2015-12-05 10:10:44', NULL),
(1319, 20, 'EA1:MAINS FAIL', '2015-12-05 10:11:43', NULL),
(1320, 20, ' EA2:TEMPERATURE HIGH', '2015-12-05 10:11:43', NULL),
(1321, 20, ' EA4:GENERATOR RUNNING', '2015-12-05 10:11:43', NULL),
(1322, 20, ' EA8:DR open AG', '2015-12-05 10:11:43', NULL),
(1323, 21, ' EA7:AVIATION LIGHT FAILURE', '2015-12-05 10:11:44', NULL),
(1324, 21, ' EA8:DR open AG', '2015-12-05 10:11:44', NULL),
(1325, 20, 'EA1:MAINS FAIL', '2015-12-05 10:12:44', NULL),
(1326, 20, ' EA2:TEMPERATURE HIGH', '2015-12-05 10:12:44', NULL),
(1327, 20, ' EA4:GENERATOR RUNNING', '2015-12-05 10:12:44', NULL),
(1328, 20, ' EA8:DR open AG', '2015-12-05 10:12:44', NULL),
(1329, 21, ' EA7:AVIATION LIGHT FAILURE', '2015-12-05 10:12:44', NULL),
(1330, 21, ' EA8:DR open AG', '2015-12-05 10:12:44', NULL),
(1331, 20, 'EA1:MAINS FAIL', '2015-12-05 10:13:44', NULL),
(1332, 20, ' EA2:TEMPERATURE HIGH', '2015-12-05 10:13:44', NULL),
(1333, 20, ' EA4:GENERATOR RUNNING', '2015-12-05 10:13:44', NULL),
(1334, 20, ' EA8:DR open AG', '2015-12-05 10:13:44', NULL),
(1335, 21, ' EA7:AVIATION LIGHT FAILURE', '2015-12-05 10:13:44', NULL),
(1336, 21, ' EA8:DR open AG', '2015-12-05 10:13:44', NULL),
(1337, 20, 'EA1:MAINS FAIL', '2015-12-05 10:14:44', NULL),
(1338, 20, ' EA2:TEMPERATURE HIGH', '2015-12-05 10:14:44', NULL),
(1339, 20, ' EA4:GENERATOR RUNNING', '2015-12-05 10:14:44', NULL),
(1340, 20, ' EA8:DR open AG', '2015-12-05 10:14:44', NULL),
(1341, 21, ' EA7:AVIATION LIGHT FAILURE', '2015-12-05 10:14:45', NULL),
(1342, 21, ' EA8:DR open AG', '2015-12-05 10:14:45', NULL),
(1343, 20, 'EA1:MAINS FAIL', '2015-12-05 10:15:44', NULL),
(1344, 20, ' EA2:TEMPERATURE HIGH', '2015-12-05 10:15:44', NULL),
(1345, 20, ' EA4:GENERATOR RUNNING', '2015-12-05 10:15:44', NULL),
(1346, 20, ' EA8:DR open AG', '2015-12-05 10:15:44', NULL),
(1347, 21, ' EA7:AVIATION LIGHT FAILURE', '2015-12-05 10:15:45', NULL),
(1348, 21, ' EA8:DR open AG', '2015-12-05 10:15:45', NULL),
(1349, 20, 'EA1:MAINS FAIL', '2015-12-05 10:16:45', NULL),
(1350, 20, ' EA2:TEMPERATURE HIGH', '2015-12-05 10:16:45', NULL),
(1351, 20, ' EA4:GENERATOR RUNNING', '2015-12-05 10:16:45', NULL),
(1352, 20, ' EA8:DR open AG', '2015-12-05 10:16:45', NULL),
(1353, 21, ' EA7:AVIATION LIGHT FAILURE', '2015-12-05 10:16:45', NULL),
(1354, 21, ' EA8:DR open AG', '2015-12-05 10:16:45', NULL),
(1355, 20, 'EA1:MAINS FAIL', '2015-12-05 10:17:44', NULL),
(1356, 20, ' EA2:TEMPERATURE HIGH', '2015-12-05 10:17:44', NULL),
(1357, 20, ' EA4:GENERATOR RUNNING', '2015-12-05 10:17:44', NULL),
(1358, 20, ' EA8:DR open AG', '2015-12-05 10:17:44', NULL),
(1359, 21, ' EA7:AVIATION LIGHT FAILURE', '2015-12-05 10:17:45', NULL),
(1360, 21, ' EA8:DR open AG', '2015-12-05 10:17:45', NULL),
(1361, 20, 'EA1:MAINS FAIL', '2015-12-05 10:18:45', NULL),
(1362, 20, ' EA2:TEMPERATURE HIGH', '2015-12-05 10:18:45', NULL),
(1363, 20, ' EA4:GENERATOR RUNNING', '2015-12-05 10:18:45', NULL),
(1364, 20, ' EA8:DR open AG', '2015-12-05 10:18:45', NULL),
(1365, 21, ' EA7:AVIATION LIGHT FAILURE', '2015-12-05 10:18:46', NULL),
(1366, 21, ' EA8:DR open AG', '2015-12-05 10:18:46', NULL),
(1367, 20, 'EA1:MAINS FAIL', '2015-12-05 10:19:45', NULL),
(1368, 20, ' EA2:TEMPERATURE HIGH', '2015-12-05 10:19:45', NULL),
(1369, 20, ' EA4:GENERATOR RUNNING', '2015-12-05 10:19:45', NULL),
(1370, 20, ' EA8:DR open AG', '2015-12-05 10:19:45', NULL),
(1371, 21, ' EA7:AVIATION LIGHT FAILURE', '2015-12-05 10:19:46', NULL),
(1372, 21, ' EA8:DR open AG', '2015-12-05 10:19:46', NULL),
(1373, 20, 'EA1:MAINS FAIL', '2015-12-05 10:20:45', NULL),
(1374, 20, ' EA2:TEMPERATURE HIGH', '2015-12-05 10:20:45', NULL),
(1375, 20, ' EA4:GENERATOR RUNNING', '2015-12-05 10:20:45', NULL),
(1376, 20, ' EA8:DR open AG', '2015-12-05 10:20:45', NULL),
(1377, 21, ' EA7:AVIATION LIGHT FAILURE', '2015-12-05 10:20:46', NULL),
(1378, 21, ' EA8:DR open AG', '2015-12-05 10:20:46', NULL),
(1379, 20, 'EA1:MAINS FAIL', '2015-12-05 10:21:45', NULL),
(1380, 20, ' EA2:TEMPERATURE HIGH', '2015-12-05 10:21:45', NULL),
(1381, 20, ' EA4:GENERATOR RUNNING', '2015-12-05 10:21:45', NULL),
(1382, 20, ' EA8:DR open AG', '2015-12-05 10:21:45', NULL),
(1383, 21, ' EA7:AVIATION LIGHT FAILURE', '2015-12-05 10:21:46', NULL),
(1384, 21, ' EA8:DR open AG', '2015-12-05 10:21:46', NULL),
(1385, 20, 'EA1:MAINS FAIL', '2015-12-05 10:22:45', NULL),
(1386, 20, ' EA2:TEMPERATURE HIGH', '2015-12-05 10:22:45', NULL),
(1387, 20, ' EA4:GENERATOR RUNNING', '2015-12-05 10:22:45', NULL),
(1388, 20, 'EA1:MAINS FAIL', '2015-12-05 10:22:46', NULL),
(1389, 20, ' EA8:DR open AG', '2015-12-05 10:22:45', NULL),
(1390, 20, ' EA2:TEMPERATURE HIGH', '2015-12-05 10:22:46', NULL),
(1391, 20, ' EA4:GENERATOR RUNNING', '2015-12-05 10:22:46', NULL),
(1392, 20, ' EA8:DR open AG', '2015-12-05 10:22:46', NULL),
(1393, 21, ' EA7:AVIATION LIGHT FAILURE', '2015-12-05 10:22:46', NULL),
(1394, 21, ' EA8:DR open AG', '2015-12-05 10:22:46', NULL),
(1395, 21, ' EA7:AVIATION LIGHT FAILURE', '2015-12-05 10:22:46', NULL),
(1396, 21, ' EA8:DR open AG', '2015-12-05 10:22:46', NULL),
(1397, 20, 'EA1:MAINS FAIL', '2015-12-05 10:23:46', NULL),
(1398, 20, ' EA2:TEMPERATURE HIGH', '2015-12-05 10:23:46', NULL),
(1399, 20, ' EA4:GENERATOR RUNNING', '2015-12-05 10:23:46', NULL),
(1400, 20, ' EA8:DR open AG', '2015-12-05 10:23:46', NULL),
(1401, 21, ' EA7:AVIATION LIGHT FAILURE', '2015-12-05 10:23:46', NULL),
(1402, 21, ' EA8:DR open AG', '2015-12-05 10:23:46', NULL),
(1403, 20, 'EA1:MAINS FAIL', '2015-12-05 10:24:30', NULL),
(1404, 20, ' EA2:TEMPERATURE HIGH', '2015-12-05 10:24:30', NULL),
(1405, 20, ' EA4:GENERATOR RUNNING', '2015-12-05 10:24:30', NULL),
(1406, 20, ' EA8:DR open AG', '2015-12-05 10:24:30', NULL),
(1407, 21, ' EA7:AVIATION LIGHT FAILURE', '2015-12-05 10:24:31', NULL),
(1408, 21, ' EA8:DR open AG', '2015-12-05 10:24:31', NULL),
(1409, 20, 'EA1:MAINS FAIL', '2015-12-05 10:24:46', NULL),
(1410, 20, ' EA2:TEMPERATURE HIGH', '2015-12-05 10:24:46', NULL),
(1411, 20, ' EA4:GENERATOR RUNNING', '2015-12-05 10:24:46', NULL),
(1412, 20, ' EA8:DR open AG', '2015-12-05 10:24:46', NULL),
(1413, 21, ' EA7:AVIATION LIGHT FAILURE', '2015-12-05 10:24:47', NULL),
(1414, 21, ' EA8:DR open AG', '2015-12-05 10:24:47', NULL),
(1415, 20, 'EA1:MAINS FAIL', '2015-12-05 10:25:46', NULL),
(1416, 20, ' EA2:TEMPERATURE HIGH', '2015-12-05 10:25:46', NULL),
(1417, 20, ' EA4:GENERATOR RUNNING', '2015-12-05 10:25:46', NULL),
(1418, 20, ' EA8:DR open AG', '2015-12-05 10:25:46', NULL),
(1419, 21, ' EA7:AVIATION LIGHT FAILURE', '2015-12-05 10:25:47', NULL),
(1420, 21, ' EA8:DR open AG', '2015-12-05 10:25:47', NULL),
(1421, 20, 'EA1:MAINS FAIL', '2015-12-05 10:26:46', NULL),
(1422, 20, ' EA2:TEMPERATURE HIGH', '2015-12-05 10:26:46', NULL),
(1423, 20, ' EA4:GENERATOR RUNNING', '2015-12-05 10:26:46', NULL),
(1424, 20, ' EA8:DR open AG', '2015-12-05 10:26:46', NULL),
(1425, 21, ' EA7:AVIATION LIGHT FAILURE', '2015-12-05 10:26:47', NULL),
(1426, 21, ' EA8:DR open AG', '2015-12-05 10:26:47', NULL),
(1427, 20, 'EA1:MAINS FAIL', '2015-12-05 10:27:47', NULL),
(1428, 20, ' EA2:TEMPERATURE HIGH', '2015-12-05 10:27:47', NULL),
(1429, 20, ' EA4:GENERATOR RUNNING', '2015-12-05 10:27:47', NULL),
(1430, 20, ' EA8:DR open AG', '2015-12-05 10:27:47', NULL),
(1431, 21, ' EA7:AVIATION LIGHT FAILURE', '2015-12-05 10:27:47', NULL),
(1432, 21, ' EA8:DR open AG', '2015-12-05 10:27:47', NULL),
(1433, 20, 'EA1:MAINS FAIL', '2015-12-05 10:28:47', NULL),
(1434, 20, ' EA2:TEMPERATURE HIGH', '2015-12-05 10:28:47', NULL),
(1435, 20, ' EA4:GENERATOR RUNNING', '2015-12-05 10:28:47', NULL),
(1436, 20, ' EA8:DR open AG', '2015-12-05 10:28:47', NULL),
(1437, 21, ' EA7:AVIATION LIGHT FAILURE', '2015-12-05 10:28:48', NULL),
(1438, 21, ' EA8:DR open AG', '2015-12-05 10:28:48', NULL),
(1439, 20, 'EA1:MAINS FAIL', '2015-12-05 10:29:47', NULL),
(1440, 20, ' EA2:TEMPERATURE HIGH', '2015-12-05 10:29:47', NULL),
(1441, 20, ' EA4:GENERATOR RUNNING', '2015-12-05 10:29:47', NULL),
(1442, 20, ' EA8:DR open AG', '2015-12-05 10:29:47', NULL),
(1443, 21, ' EA7:AVIATION LIGHT FAILURE', '2015-12-05 10:29:47', NULL),
(1444, 21, ' EA8:DR open AG', '2015-12-05 10:29:47', NULL),
(1445, 20, 'EA1:MAINS FAIL', '2015-12-05 10:30:41', NULL),
(1446, 20, ' EA2:TEMPERATURE HIGH', '2015-12-05 10:30:41', NULL),
(1447, 20, ' EA4:GENERATOR RUNNING', '2015-12-05 10:30:41', NULL),
(1448, 20, ' EA8:DR open AG', '2015-12-05 10:30:41', NULL),
(1449, 21, ' EA7:AVIATION LIGHT FAILURE', '2015-12-05 10:30:42', NULL),
(1450, 21, ' EA8:DR open AG', '2015-12-05 10:30:42', NULL),
(1451, 20, 'EA1:MAINS FAIL', '2015-12-05 10:30:47', NULL),
(1452, 20, ' EA2:TEMPERATURE HIGH', '2015-12-05 10:30:47', NULL),
(1453, 20, ' EA4:GENERATOR RUNNING', '2015-12-05 10:30:47', NULL),
(1454, 20, ' EA8:DR open AG', '2015-12-05 10:30:47', NULL),
(1455, 21, ' EA7:AVIATION LIGHT FAILURE', '2015-12-05 10:30:47', NULL),
(1456, 21, ' EA8:DR open AG', '2015-12-05 10:30:47', NULL),
(1457, 20, 'EA1:MAINS FAIL', '2015-12-05 10:31:41', NULL),
(1458, 20, ' EA2:TEMPERATURE HIGH', '2015-12-05 10:31:41', NULL),
(1459, 20, ' EA4:GENERATOR RUNNING', '2015-12-05 10:31:41', NULL),
(1460, 20, ' EA8:DR open AG', '2015-12-05 10:31:41', NULL),
(1461, 21, ' EA7:AVIATION LIGHT FAILURE', '2015-12-05 10:31:42', NULL),
(1462, 21, ' EA8:DR open AG', '2015-12-05 10:31:42', NULL),
(1463, 20, 'EA1:MAINS FAIL', '2015-12-05 10:31:47', NULL),
(1464, 20, ' EA2:TEMPERATURE HIGH', '2015-12-05 10:31:47', NULL),
(1465, 20, ' EA4:GENERATOR RUNNING', '2015-12-05 10:31:47', NULL),
(1466, 20, ' EA8:DR open AG', '2015-12-05 10:31:47', NULL),
(1467, 21, ' EA7:AVIATION LIGHT FAILURE', '2015-12-05 10:31:48', NULL),
(1468, 21, ' EA8:DR open AG', '2015-12-05 10:31:48', NULL),
(1469, 20, 'EA1:MAINS FAIL', '2015-12-05 10:32:42', NULL),
(1470, 20, ' EA2:TEMPERATURE HIGH', '2015-12-05 10:32:42', NULL),
(1471, 20, ' EA4:GENERATOR RUNNING', '2015-12-05 10:32:42', NULL),
(1472, 20, ' EA8:DR open AG', '2015-12-05 10:32:42', NULL),
(1473, 21, ' EA7:AVIATION LIGHT FAILURE', '2015-12-05 10:32:42', NULL),
(1474, 21, ' EA8:DR open AG', '2015-12-05 10:32:42', NULL),
(1475, 20, 'EA1:MAINS FAIL', '2015-12-05 10:32:47', NULL),
(1476, 20, ' EA2:TEMPERATURE HIGH', '2015-12-05 10:32:47', NULL),
(1477, 20, ' EA4:GENERATOR RUNNING', '2015-12-05 10:32:47', NULL),
(1478, 20, ' EA8:DR open AG', '2015-12-05 10:32:47', NULL),
(1479, 21, ' EA7:AVIATION LIGHT FAILURE', '2015-12-05 10:32:48', NULL),
(1480, 21, ' EA8:DR open AG', '2015-12-05 10:32:48', NULL),
(1481, 20, 'EA1:MAINS FAIL', '2015-12-05 13:54:47', NULL),
(1482, 20, ' EA2:TEMPERATURE HIGH', '2015-12-05 13:54:47', NULL),
(1483, 20, ' EA4:GENERATOR RUNNING', '2015-12-05 13:54:47', NULL),
(1484, 20, ' EA8:DR open AG', '2015-12-05 13:54:47', NULL),
(1485, 21, ' EA7:AVIATION LIGHT FAILURE', '2015-12-05 13:54:48', NULL),
(1486, 21, ' EA8:DR open AG', '2015-12-05 13:54:48', NULL),
(1487, 20, 'EA1:MAINS FAIL', '2015-12-05 13:55:48', NULL),
(1488, 20, ' EA2:TEMPERATURE HIGH', '2015-12-05 13:55:48', NULL),
(1489, 20, ' EA4:GENERATOR RUNNING', '2015-12-05 13:55:48', NULL),
(1490, 20, ' EA8:DR open AG', '2015-12-05 13:55:48', NULL),
(1491, 21, ' EA7:AVIATION LIGHT FAILURE', '2015-12-05 13:55:50', NULL),
(1492, 21, ' EA8:DR open AG', '2015-12-05 13:55:50', NULL),
(1493, 20, 'EA1:MAINS FAIL', '2015-12-05 13:56:48', NULL),
(1494, 20, ' EA2:TEMPERATURE HIGH', '2015-12-05 13:56:48', NULL),
(1495, 20, ' EA4:GENERATOR RUNNING', '2015-12-05 13:56:48', NULL),
(1496, 20, ' EA8:DR open AG', '2015-12-05 13:56:48', NULL),
(1497, 21, ' EA7:AVIATION LIGHT FAILURE', '2015-12-05 13:56:49', NULL),
(1498, 21, ' EA8:DR open AG', '2015-12-05 13:56:49', NULL),
(1499, 20, 'EA1:MAINS FAIL', '2015-12-05 13:57:51', NULL),
(1500, 20, ' EA2:TEMPERATURE HIGH', '2015-12-05 13:57:51', NULL),
(1501, 20, ' EA4:GENERATOR RUNNING', '2015-12-05 13:57:51', NULL),
(1502, 20, ' EA8:DR open AG', '2015-12-05 13:57:51', NULL),
(1503, 21, ' EA7:AVIATION LIGHT FAILURE', '2015-12-05 13:57:53', NULL),
(1504, 21, ' EA8:DR open AG', '2015-12-05 13:57:53', NULL),
(1505, 20, 'EA1:MAINS FAIL', '2015-12-05 13:58:50', NULL),
(1506, 20, ' EA2:TEMPERATURE HIGH', '2015-12-05 13:58:50', NULL),
(1507, 20, ' EA4:GENERATOR RUNNING', '2015-12-05 13:58:50', NULL),
(1508, 20, ' EA8:DR open AG', '2015-12-05 13:58:50', NULL),
(1509, 21, ' EA7:AVIATION LIGHT FAILURE', '2015-12-05 13:58:51', NULL),
(1510, 21, ' EA8:DR open AG', '2015-12-05 13:58:51', NULL),
(1511, 20, 'EA1:MAINS FAIL', '2015-12-05 14:09:20', NULL),
(1512, 20, ' EA2:TEMPERATURE HIGH', '2015-12-05 14:09:20', NULL),
(1513, 20, ' EA4:GENERATOR RUNNING', '2015-12-05 14:09:20', NULL),
(1514, 20, ' EA8:DR open AG', '2015-12-05 14:09:20', NULL),
(1515, 21, ' EA7:AVIATION LIGHT FAILURE', '2015-12-05 14:09:21', NULL),
(1516, 21, ' EA8:DR open AG', '2015-12-05 14:09:21', NULL),
(1517, 20, 'EA1:MAINS FAIL', '2015-12-05 14:13:16', NULL),
(1518, 20, ' EA2:TEMPERATURE HIGH', '2015-12-05 14:13:16', NULL),
(1519, 20, ' EA4:GENERATOR RUNNING', '2015-12-05 14:13:16', NULL),
(1520, 20, ' EA8:DR open AG', '2015-12-05 14:13:16', NULL),
(1521, 21, ' EA7:AVIATION LIGHT FAILURE', '2015-12-05 14:13:17', NULL),
(1522, 21, ' EA8:DR open AG', '2015-12-05 14:13:17', NULL),
(1523, 20, 'EA1:MAINS FAIL', '2015-12-05 14:18:05', NULL),
(1524, 20, ' EA2:TEMPERATURE HIGH', '2015-12-05 14:18:05', NULL),
(1525, 20, ' EA4:GENERATOR RUNNING', '2015-12-05 14:18:05', NULL),
(1526, 20, ' EA8:DR open AG', '2015-12-05 14:18:05', NULL),
(1527, 21, ' EA7:AVIATION LIGHT FAILURE', '2015-12-05 14:18:06', NULL),
(1528, 21, ' EA8:DR open AG', '2015-12-05 14:18:06', NULL),
(1529, 20, 'EA1:MAINS FAIL', '2015-12-05 14:19:08', NULL),
(1530, 20, ' EA2:TEMPERATURE HIGH', '2015-12-05 14:19:08', NULL),
(1531, 20, ' EA4:GENERATOR RUNNING', '2015-12-05 14:19:08', NULL),
(1532, 20, ' EA8:DR open AG', '2015-12-05 14:19:08', NULL),
(1533, 21, ' EA7:AVIATION LIGHT FAILURE', '2015-12-05 14:19:09', NULL),
(1534, 21, ' EA8:DR open AG', '2015-12-05 14:19:09', NULL),
(1535, 20, 'EA1:MAINS FAIL', '2015-12-05 14:20:27', NULL),
(1536, 20, ' EA2:TEMPERATURE HIGH', '2015-12-05 14:20:27', NULL),
(1537, 20, ' EA4:GENERATOR RUNNING', '2015-12-05 14:20:27', NULL),
(1538, 20, ' EA8:DR open AG', '2015-12-05 14:20:27', NULL),
(1539, 21, ' EA7:AVIATION LIGHT FAILURE', '2015-12-05 14:20:29', NULL),
(1540, 21, ' EA8:DR open AG', '2015-12-05 14:20:29', NULL),
(1541, 20, 'EA1:MAINS FAIL', '2015-12-05 15:10:16', NULL),
(1542, 20, ' EA2:TEMPERATURE HIGH', '2015-12-05 15:10:16', NULL),
(1543, 20, ' EA4:GENERATOR RUNNING', '2015-12-05 15:10:16', NULL),
(1544, 20, ' EA8:DR open AG', '2015-12-05 15:10:16', NULL),
(1545, 21, ' EA7:AVIATION LIGHT FAILURE', '2015-12-05 15:10:17', NULL),
(1546, 21, ' EA8:DR open AG', '2015-12-05 15:10:17', NULL);

-- --------------------------------------------------------

--
-- Table structure for table `tbl_alarmname`
--

CREATE TABLE IF NOT EXISTS `tbl_alarmname` (
  `Id` int(11) NOT NULL,
  `Name` varchar(100) NOT NULL,
  `Description` varchar(200) NOT NULL,
  `alarmType` int(11) NOT NULL
) ENGINE=InnoDB AUTO_INCREMENT=14 DEFAULT CHARSET=latin1;

--
-- Dumping data for table `tbl_alarmname`
--

INSERT INTO `tbl_alarmname` (`Id`, `Name`, `Description`, `alarmType`) VALUES
(1, 'Lock Open/Close', '', 1),
(2, 'Lock Status', '', 1),
(3, 'Reader Status', 'saawdwdqwd', 1),
(4, 'Theft', 'asdwddq', 1),
(5, 'EMU', 'drgreherhegeegc xvszvsvsdv\r\nscasvsvsv', 1),
(6, 'EA1', 'asdadadD', 2),
(7, 'EA2', 'asdaffacawcf', 2),
(8, 'EA3', 'MAINS FAIL', 2),
(9, 'EA4', '---', 2),
(10, 'EA5', '---', 2),
(11, 'EA6', '---', 2),
(12, 'EA7', '---', 2),
(13, 'EA8', '---', 2);

-- --------------------------------------------------------

--
-- Table structure for table `tbl_alarmstatus`
--

CREATE TABLE IF NOT EXISTS `tbl_alarmstatus` (
  `Id` int(11) NOT NULL,
  `alarmId` int(11) NOT NULL,
  `alarmstatus` varchar(200) NOT NULL,
  `description` varchar(200) NOT NULL
) ENGINE=InnoDB AUTO_INCREMENT=27 DEFAULT CHARSET=latin1;

--
-- Dumping data for table `tbl_alarmstatus`
--

INSERT INTO `tbl_alarmstatus` (`Id`, `alarmId`, `alarmstatus`, `description`) VALUES
(1, 6, 'Low', 'MAINS FAIL'),
(2, 6, 'High', 'High'),
(3, 7, 'Low', 'TEMPERATURE HIGH'),
(4, 7, 'High', 'High'),
(5, 8, 'Low', 'FUEL LEVEL LOW'),
(6, 8, 'High', 'High'),
(7, 9, 'Low', 'GENERATOR RUNNING'),
(8, 9, 'High', 'High'),
(9, 10, 'Low', 'DOOR OPEN'),
(10, 10, 'High', 'High'),
(11, 11, 'Low', 'BATTERY DISCONNECTED PRE ALARM'),
(12, 11, 'High', 'High'),
(13, 12, 'Low', 'AVIATION LIGHT FAILURE'),
(14, 12, 'High', 'High'),
(15, 13, 'Low', 'DR open AG'),
(16, 13, 'High', 'High'),
(17, 1, 'Low', 'Lock Close'),
(18, 1, 'High', 'Lock Open'),
(19, 2, 'Low', 'Lock Fail'),
(20, 2, 'High', 'Lock Ok'),
(21, 3, 'Low', 'Reader Fail'),
(22, 3, 'High', 'Reader Ok'),
(23, 4, 'Low', 'Theft Disable'),
(24, 4, 'High', 'Theft Enable'),
(25, 5, 'High', 'EMU ON'),
(26, 5, 'High', 'EMU ON');

-- --------------------------------------------------------

--
-- Table structure for table `tbl_alarmtype`
--

CREATE TABLE IF NOT EXISTS `tbl_alarmtype` (
  `Id` int(11) NOT NULL,
  `Name` varchar(200) NOT NULL
) ENGINE=InnoDB AUTO_INCREMENT=3 DEFAULT CHARSET=latin1;

--
-- Dumping data for table `tbl_alarmtype`
--

INSERT INTO `tbl_alarmtype` (`Id`, `Name`) VALUES
(1, 'Device Function Alarm'),
(2, 'BTS External Alarm');

-- --------------------------------------------------------

--
-- Table structure for table `tbl_attendancedata`
--

CREATE TABLE IF NOT EXISTS `tbl_attendancedata` (
  `Id` int(11) NOT NULL,
  `CardId` varchar(30) NOT NULL,
  `DeviceId` int(11) NOT NULL,
  `Ctime` varchar(200) NOT NULL,
  `EntryExit` tinyint(1) NOT NULL,
  `SiteId` int(11) NOT NULL,
  `ModifyTime` datetime NOT NULL,
  `CreateDate` datetime NOT NULL
) ENGINE=InnoDB AUTO_INCREMENT=91 DEFAULT CHARSET=latin1;

--
-- Dumping data for table `tbl_attendancedata`
--

INSERT INTO `tbl_attendancedata` (`Id`, `CardId`, `DeviceId`, `Ctime`, `EntryExit`, `SiteId`, `ModifyTime`, `CreateDate`) VALUES
(79, '0010251929', 17, '2015-10-31 18:7:53', 1, 6, '2015-10-31 18:58:07', '2015-10-31 18:58:07'),
(80, '0003608370', 18, '2015-10-31 18:7:58', 1, 7, '2015-10-31 18:58:08', '2015-10-31 18:58:08'),
(89, '0003608370', 17, '2015-12-01 19:13:11.067', 1, 6, '2015-11-17 18:21:01', '2015-11-17 18:21:01'),
(90, '0010251929', 17, '2015-12-01 19:13:15.068', 1, 7, '2015-11-17 18:21:01', '2015-11-17 18:21:01');

-- --------------------------------------------------------

--
-- Table structure for table `tbl_device`
--

CREATE TABLE IF NOT EXISTS `tbl_device` (
  `Id` int(11) NOT NULL,
  `IP` varchar(30) NOT NULL,
  `SiteId` int(11) NOT NULL,
  `Status` int(11) NOT NULL,
  `VersionNo` varchar(30) NOT NULL,
  `SerialNo` varchar(30) NOT NULL,
  `SubCentreId` int(11) NOT NULL,
  `AddedBy` int(11) NOT NULL,
  `ModifiedBy` int(11) NOT NULL,
  `ModifyTime` datetime NOT NULL,
  `CreateDate` datetime NOT NULL
) ENGINE=InnoDB AUTO_INCREMENT=25 DEFAULT CHARSET=latin1;

--
-- Dumping data for table `tbl_device`
--

INSERT INTO `tbl_device` (`Id`, `IP`, `SiteId`, `Status`, `VersionNo`, `SerialNo`, `SubCentreId`, `AddedBy`, `ModifiedBy`, `ModifyTime`, `CreateDate`) VALUES
(20, '192.168.1.22', 6, 1, '2.0', '12448', 1, 3, 3, '2015-11-19 14:34:38', '2015-11-19 12:16:46'),
(22, '192.168.1.23', 7, 1, '2.0', '123234456', 2, 3, 3, '2015-12-15 15:42:59', '2015-11-19 14:30:06'),
(23, '192.168.1.27', 8, 1, '1.0', '5635', 2, 3, 3, '2016-01-03 11:45:19', '2015-12-26 10:44:42'),
(24, '192.168.1.27', 6, 1, '1.0', '5423', 2, 3, 3, '2016-01-03 15:33:36', '2016-01-03 11:47:25');

-- --------------------------------------------------------

--
-- Table structure for table `tbl_devicestatuslog`
--

CREATE TABLE IF NOT EXISTS `tbl_devicestatuslog` (
  `Id` int(11) NOT NULL,
  `DeviceId` int(11) NOT NULL,
  `Status` varchar(200) NOT NULL,
  `DStime` datetime NOT NULL
) ENGINE=InnoDB AUTO_INCREMENT=526 DEFAULT CHARSET=latin1;

--
-- Dumping data for table `tbl_devicestatuslog`
--

INSERT INTO `tbl_devicestatuslog` (`Id`, `DeviceId`, `Status`, `DStime`) VALUES
(524, 20, 'Device Not Responding', '2016-01-31 15:42:12'),
(525, 22, 'Device Not Responding', '2016-01-31 15:42:13');

-- --------------------------------------------------------

--
-- Table structure for table `tbl_devicestatusloghistory`
--

CREATE TABLE IF NOT EXISTS `tbl_devicestatusloghistory` (
  `Id` int(11) NOT NULL,
  `DeviceId` int(11) NOT NULL,
  `Status` varchar(200) NOT NULL,
  `DStime` datetime NOT NULL,
  `CStime` datetime DEFAULT NULL
) ENGINE=InnoDB AUTO_INCREMENT=1490 DEFAULT CHARSET=latin1;

--
-- Dumping data for table `tbl_devicestatusloghistory`
--

INSERT INTO `tbl_devicestatusloghistory` (`Id`, `DeviceId`, `Status`, `DStime`, `CStime`) VALUES
(856, 20, 'Lock Close', '2015-11-19 14:32:08', NULL),
(857, 20, 'Lock Fail', '2015-11-19 14:32:08', NULL),
(858, 21, 'Lock Close', '2015-11-19 14:32:09', NULL),
(859, 21, 'Lock Fail', '2015-11-19 14:32:09', NULL),
(860, 21, 'Reader Fail', '2015-11-19 14:32:09', NULL),
(861, 20, 'Lock Close', '2015-11-19 14:35:23', NULL),
(862, 20, 'Lock Fail', '2015-11-19 14:35:23', NULL),
(863, 21, 'Lock Close', '2015-11-19 14:35:24', NULL),
(864, 21, 'Lock Fail', '2015-11-19 14:35:24', NULL),
(865, 21, 'Reader Fail', '2015-11-19 14:35:24', NULL),
(866, 20, 'Lock Close', '2015-11-19 14:32:08', '2015-11-19 14:36:23'),
(867, 21, 'Lock Close', '2015-11-19 14:32:09', '2015-11-19 14:36:24'),
(868, 21, 'Reader Fail', '2015-11-19 14:36:24', NULL),
(869, 21, 'Reader Fail', '2015-11-19 14:37:24', NULL),
(870, 21, 'Reader Fail', '2015-11-19 14:38:25', NULL),
(871, 21, 'Reader Fail', '2015-11-19 14:39:25', NULL),
(872, 21, 'Reader Fail', '2015-11-19 14:40:25', NULL),
(873, 21, 'Reader Fail', '2015-11-19 14:41:25', NULL),
(874, 21, 'Reader Fail', '2015-11-19 14:42:26', NULL),
(875, 21, 'Reader Fail', '2015-11-23 15:36:06', NULL),
(876, 21, 'Reader Fail', '2015-11-23 15:36:55', NULL),
(877, 21, 'Reader Fail', '2015-11-23 15:36:55', NULL),
(878, 21, 'Reader Fail', '2015-11-23 15:37:06', NULL),
(879, 21, 'Reader Fail', '2015-11-23 15:37:06', NULL),
(880, 21, 'Reader Fail', '2015-11-23 15:41:39', NULL),
(881, 21, 'Reader Fail', '2015-11-23 15:41:39', NULL),
(882, 21, 'Reader Fail', '2015-11-23 15:41:39', NULL),
(883, 22, 'Device Not Responding', '2015-11-23 15:42:01', NULL),
(884, 21, 'Reader Fail', '2015-11-23 15:43:05', NULL),
(885, 21, 'Reader Fail', '2015-11-23 15:43:26', NULL),
(886, 21, 'Reader Fail', '2015-11-23 15:43:47', NULL),
(887, 21, 'Reader Fail', '2015-11-23 15:44:08', NULL),
(888, 21, 'Reader Fail', '2015-11-23 15:44:50', NULL),
(889, 21, 'Lock Close', '2015-11-23 15:45:11', NULL),
(890, 21, 'Lock Close', '2015-11-23 15:45:11', '2015-11-23 15:45:11'),
(891, 21, 'Reader Fail', '2015-11-23 15:45:11', NULL),
(892, 21, 'Reader Fail', '2015-11-23 15:45:32', NULL),
(893, 21, 'Reader Fail', '2015-11-23 15:46:35', NULL),
(894, 21, 'Lock Close', '2015-11-23 15:47:39', NULL),
(895, 21, 'Lock Close', '2015-11-23 15:47:39', '2015-11-23 15:47:39'),
(896, 21, 'Reader Fail', '2015-11-23 15:47:39', NULL),
(897, 21, 'Reader Fail', '2015-11-23 15:48:00', NULL),
(898, 21, 'Lock Close', '2015-11-23 15:48:21', NULL),
(899, 21, 'Lock Close', '2015-11-23 15:48:21', '2015-11-23 15:48:21'),
(900, 21, 'Reader Fail', '2015-11-23 15:48:21', NULL),
(901, 21, 'Reader Fail', '2015-11-23 15:49:23', NULL),
(902, 21, 'Reader Fail', '2015-11-23 15:50:27', NULL),
(903, 21, 'Reader Fail', '2015-11-23 15:50:48', NULL),
(904, 21, 'Reader Fail', '2015-11-23 15:51:09', NULL),
(905, 21, 'Reader Fail', '2015-11-23 15:51:30', NULL),
(906, 21, 'Reader Fail', '2015-11-28 12:42:09', NULL),
(907, 20, 'Lock Close', '2015-11-29 16:36:21', NULL),
(908, 20, 'Lock Fail', '2015-11-29 16:36:21', NULL),
(909, 20, 'Reader Fail', '2015-11-29 16:36:21', NULL),
(910, 21, 'Reader Fail', '2015-11-29 16:36:28', NULL),
(911, 20, 'Lock Close', '2015-11-29 16:37:21', NULL),
(912, 20, 'Lock Fail', '2015-11-29 16:37:21', NULL),
(913, 20, 'Reader Fail', '2015-11-29 16:37:21', NULL),
(914, 21, 'Reader Fail', '2015-11-29 16:37:27', NULL),
(915, 20, 'Device Not Responding', '2015-11-29 16:38:24', NULL),
(916, 21, 'Device Not Responding', '2015-11-29 16:38:24', NULL),
(917, 20, 'Device Connected', '2015-11-29 16:38:23', '2015-11-29 16:53:30'),
(918, 20, 'Lock Close', '2015-11-29 16:53:31', NULL),
(919, 20, 'Lock Fail', '2015-11-29 16:53:31', NULL),
(920, 20, 'Reader Fail', '2015-11-29 16:53:31', NULL),
(921, 21, 'Device Connected', '2015-11-29 16:38:24', '2015-11-29 16:53:31'),
(922, 21, 'Reader Fail', '2015-11-29 16:53:32', NULL),
(923, 22, 'Device Connected', '2015-11-23 15:42:01', '2015-11-29 16:53:32'),
(924, 22, 'Reader Fail', '2015-11-29 16:53:33', NULL),
(925, 20, 'Lock Close', '2015-11-29 16:54:30', NULL),
(926, 20, 'Lock Fail', '2015-11-29 16:54:30', NULL),
(927, 20, 'Reader Fail', '2015-11-29 16:54:30', NULL),
(928, 21, 'Reader Fail', '2015-11-29 16:54:31', NULL),
(929, 22, 'Reader Fail', '2015-11-29 16:54:31', NULL),
(930, 20, 'Lock Close', '2015-11-29 16:55:30', NULL),
(931, 20, 'Lock Fail', '2015-11-29 16:55:30', NULL),
(932, 20, 'Reader Fail', '2015-11-29 16:55:30', NULL),
(933, 21, 'Reader Fail', '2015-11-29 16:55:31', NULL),
(934, 22, 'Reader Fail', '2015-11-29 16:55:32', NULL),
(935, 20, 'Lock Close', '2015-11-29 16:56:31', NULL),
(936, 20, 'Lock Fail', '2015-11-29 16:56:31', NULL),
(937, 20, 'Reader Fail', '2015-11-29 16:56:31', NULL),
(938, 21, 'Reader Fail', '2015-11-29 16:56:31', NULL),
(939, 22, 'Reader Fail', '2015-11-29 16:56:32', NULL),
(940, 20, 'Lock Close', '2015-11-29 16:57:31', NULL),
(941, 20, 'Lock Fail', '2015-11-29 16:57:31', NULL),
(942, 20, 'Reader Fail', '2015-11-29 16:57:31', NULL),
(943, 21, 'Reader Fail', '2015-11-29 16:57:31', NULL),
(944, 22, 'Reader Fail', '2015-11-29 16:57:32', NULL),
(945, 20, 'Lock Close', '2015-11-29 16:58:31', NULL),
(946, 20, 'Lock Fail', '2015-11-29 16:58:31', NULL),
(947, 20, 'Reader Fail', '2015-11-29 16:58:31', NULL),
(948, 21, 'Reader Fail', '2015-11-29 16:58:31', NULL),
(949, 22, 'Reader Fail', '2015-11-29 16:58:32', NULL),
(950, 20, 'Lock Close', '2015-11-29 16:59:31', NULL),
(951, 20, 'Lock Fail', '2015-11-29 16:59:31', NULL),
(952, 20, 'Reader Fail', '2015-11-29 16:59:31', NULL),
(953, 21, 'Reader Fail', '2015-11-29 16:59:32', NULL),
(954, 22, 'Reader Fail', '2015-11-29 16:59:32', NULL),
(955, 20, 'Lock Close', '2015-11-29 17:00:31', NULL),
(956, 20, 'Lock Fail', '2015-11-29 17:00:31', NULL),
(957, 20, 'Reader Fail', '2015-11-29 17:00:31', NULL),
(958, 21, 'Reader Fail', '2015-11-29 17:00:32', NULL),
(959, 22, 'Reader Fail', '2015-11-29 17:00:32', NULL),
(960, 20, 'Lock Close', '2015-11-29 17:01:32', NULL),
(961, 20, 'Lock Fail', '2015-11-29 17:01:32', NULL),
(962, 20, 'Reader Fail', '2015-11-29 17:01:32', NULL),
(963, 21, 'Reader Fail', '2015-11-29 17:01:32', NULL),
(964, 22, 'Reader Fail', '2015-11-29 17:01:34', NULL),
(965, 20, 'Lock Close', '2015-11-29 17:02:32', NULL),
(966, 20, 'Lock Fail', '2015-11-29 17:02:32', NULL),
(967, 20, 'Reader Fail', '2015-11-29 17:02:32', NULL),
(968, 21, 'Reader Fail', '2015-11-29 17:02:32', NULL),
(969, 22, 'Reader Fail', '2015-11-29 17:02:33', NULL),
(970, 20, 'Lock Close', '2015-11-29 17:03:32', NULL),
(971, 20, 'Lock Fail', '2015-11-29 17:03:32', NULL),
(972, 20, 'Reader Fail', '2015-11-29 17:03:32', NULL),
(973, 21, 'Reader Fail', '2015-11-29 17:03:33', NULL),
(974, 22, 'Reader Fail', '2015-11-29 17:03:33', NULL),
(975, 20, 'Lock Close', '2015-11-29 17:04:32', NULL),
(976, 20, 'Lock Fail', '2015-11-29 17:04:32', NULL),
(977, 20, 'Reader Fail', '2015-11-29 17:04:32', NULL),
(978, 21, 'Reader Fail', '2015-11-29 17:04:33', NULL),
(979, 22, 'Reader Fail', '2015-11-29 17:04:34', NULL),
(980, 20, 'Lock Close', '2015-11-29 17:05:33', NULL),
(981, 20, 'Lock Fail', '2015-11-29 17:05:33', NULL),
(982, 20, 'Reader Fail', '2015-11-29 17:05:33', NULL),
(983, 21, 'Reader Fail', '2015-11-29 17:05:33', NULL),
(984, 22, 'Reader Fail', '2015-11-29 17:05:34', NULL),
(985, 20, 'Lock Close', '2015-11-29 17:06:33', NULL),
(986, 20, 'Lock Fail', '2015-11-29 17:06:33', NULL),
(987, 20, 'Reader Fail', '2015-11-29 17:06:33', NULL),
(988, 21, 'Reader Fail', '2015-11-29 17:06:33', NULL),
(989, 22, 'Reader Fail', '2015-11-29 17:06:34', NULL),
(990, 20, 'Lock Close', '2015-11-29 17:07:33', NULL),
(991, 20, 'Lock Fail', '2015-11-29 17:07:33', NULL),
(992, 20, 'Reader Fail', '2015-11-29 17:07:33', NULL),
(993, 21, 'Reader Fail', '2015-11-29 17:07:33', NULL),
(994, 22, 'Reader Fail', '2015-11-29 17:07:34', NULL),
(995, 20, 'Lock Close', '2015-11-29 17:08:33', NULL),
(996, 20, 'Lock Fail', '2015-11-29 17:08:33', NULL),
(997, 20, 'Reader Fail', '2015-11-29 17:08:33', NULL),
(998, 21, 'Reader Fail', '2015-11-29 17:08:34', NULL),
(999, 22, 'Reader Fail', '2015-11-29 17:08:34', NULL),
(1000, 20, 'Lock Close', '2015-11-29 17:09:33', NULL),
(1001, 20, 'Lock Fail', '2015-11-29 17:09:33', NULL),
(1002, 20, 'Reader Fail', '2015-11-29 17:09:33', NULL),
(1003, 21, 'Reader Fail', '2015-11-29 17:09:34', NULL),
(1004, 22, 'Reader Fail', '2015-11-29 17:09:35', NULL),
(1005, 20, 'Lock Close', '2015-11-29 17:10:33', NULL),
(1006, 20, 'Lock Fail', '2015-11-29 17:10:33', NULL),
(1007, 20, 'Reader Fail', '2015-11-29 17:10:33', NULL),
(1008, 21, 'Reader Fail', '2015-11-29 17:10:34', NULL),
(1009, 22, 'Reader Fail', '2015-11-29 17:10:34', NULL),
(1010, 20, 'Lock Close', '2015-11-29 17:11:34', NULL),
(1011, 20, 'Lock Fail', '2015-11-29 17:11:34', NULL),
(1012, 20, 'Reader Fail', '2015-11-29 17:11:34', NULL),
(1013, 21, 'Reader Fail', '2015-11-29 17:11:34', NULL),
(1014, 22, 'Reader Fail', '2015-11-29 17:11:35', NULL),
(1015, 20, 'Lock Close', '2015-11-29 17:12:34', NULL),
(1016, 20, 'Lock Fail', '2015-11-29 17:12:34', NULL),
(1017, 20, 'Reader Fail', '2015-11-29 17:12:34', NULL),
(1018, 21, 'Reader Fail', '2015-11-29 17:12:37', NULL),
(1019, 22, 'Reader Fail', '2015-11-29 17:12:38', NULL),
(1020, 20, 'Lock Close', '2015-11-29 17:13:35', NULL),
(1021, 20, 'Lock Fail', '2015-11-29 17:13:35', NULL),
(1022, 20, 'Reader Fail', '2015-11-29 17:13:35', NULL),
(1023, 21, 'Reader Fail', '2015-11-29 17:13:37', NULL),
(1024, 22, 'Reader Fail', '2015-11-29 17:13:37', NULL),
(1025, 20, 'Lock Close', '2015-11-29 17:14:34', NULL),
(1026, 20, 'Lock Fail', '2015-11-29 17:14:34', NULL),
(1027, 20, 'Reader Fail', '2015-11-29 17:14:34', NULL),
(1028, 21, 'Reader Fail', '2015-11-29 17:14:35', NULL),
(1029, 22, 'Reader Fail', '2015-11-29 17:14:35', NULL),
(1030, 20, 'Lock Close', '2015-11-29 17:15:34', NULL),
(1031, 20, 'Lock Fail', '2015-11-29 17:15:34', NULL),
(1032, 20, 'Reader Fail', '2015-11-29 17:15:34', NULL),
(1033, 21, 'Reader Fail', '2015-11-29 17:15:35', NULL),
(1034, 22, 'Reader Fail', '2015-11-29 17:15:35', NULL),
(1035, 20, 'Lock Close', '2015-11-29 17:16:35', NULL),
(1036, 20, 'Lock Fail', '2015-11-29 17:16:35', NULL),
(1037, 20, 'Reader Fail', '2015-11-29 17:16:35', NULL),
(1038, 21, 'Reader Fail', '2015-11-29 17:16:35', NULL),
(1039, 22, 'Reader Fail', '2015-11-29 17:16:35', NULL),
(1040, 20, 'Lock Close', '2015-11-29 17:17:35', NULL),
(1041, 20, 'Lock Fail', '2015-11-29 17:17:35', NULL),
(1042, 20, 'Reader Fail', '2015-11-29 17:17:35', NULL),
(1043, 21, 'Reader Fail', '2015-11-29 17:17:35', NULL),
(1044, 22, 'Reader Fail', '2015-11-29 17:17:36', NULL),
(1045, 20, 'Lock Close', '2015-11-29 17:18:35', NULL),
(1046, 20, 'Lock Fail', '2015-11-29 17:18:35', NULL),
(1047, 20, 'Reader Fail', '2015-11-29 17:18:35', NULL),
(1048, 21, 'Reader Fail', '2015-11-29 17:18:36', NULL),
(1049, 22, 'Reader Fail', '2015-11-29 17:18:36', NULL),
(1050, 20, 'Lock Close', '2015-11-29 17:19:35', NULL),
(1051, 20, 'Lock Fail', '2015-11-29 17:19:35', NULL),
(1052, 20, 'Reader Fail', '2015-11-29 17:19:35', NULL),
(1053, 21, 'Reader Fail', '2015-11-29 17:19:36', NULL),
(1054, 22, 'Reader Fail', '2015-11-29 17:19:36', NULL),
(1055, 20, 'Lock Close', '2015-11-29 17:20:35', NULL),
(1056, 20, 'Lock Fail', '2015-11-29 17:20:35', NULL),
(1057, 20, 'Reader Fail', '2015-11-29 17:20:35', NULL),
(1058, 21, 'Reader Fail', '2015-11-29 17:20:36', NULL),
(1059, 22, 'Reader Fail', '2015-11-29 17:20:37', NULL),
(1060, 20, 'Lock Close', '2015-11-29 17:21:36', NULL),
(1061, 20, 'Lock Fail', '2015-11-29 17:21:36', NULL),
(1062, 20, 'Reader Fail', '2015-11-29 17:21:36', NULL),
(1063, 21, 'Reader Fail', '2015-11-29 17:21:36', NULL),
(1064, 22, 'Reader Fail', '2015-11-29 17:21:37', NULL),
(1065, 20, 'Lock Close', '2015-11-29 17:22:36', NULL),
(1066, 20, 'Lock Fail', '2015-11-29 17:22:36', NULL),
(1067, 20, 'Reader Fail', '2015-11-29 17:22:36', NULL),
(1068, 21, 'Reader Fail', '2015-11-29 17:22:36', NULL),
(1069, 22, 'Reader Fail', '2015-11-29 17:22:37', NULL),
(1070, 20, 'Lock Close', '2015-11-29 17:23:36', NULL),
(1071, 20, 'Lock Fail', '2015-11-29 17:23:36', NULL),
(1072, 20, 'Reader Fail', '2015-11-29 17:23:36', NULL),
(1073, 21, 'Reader Fail', '2015-11-29 17:23:38', NULL),
(1074, 22, 'Reader Fail', '2015-11-29 17:23:40', NULL),
(1075, 20, 'Lock Close', '2015-11-29 17:24:36', NULL),
(1076, 20, 'Lock Fail', '2015-11-29 17:24:36', NULL),
(1077, 20, 'Reader Fail', '2015-11-29 17:24:36', NULL),
(1078, 21, 'Reader Fail', '2015-11-29 17:24:36', NULL),
(1079, 22, 'Reader Fail', '2015-11-29 17:24:37', NULL),
(1080, 20, 'Lock Close', '2015-11-29 17:25:36', NULL),
(1081, 20, 'Lock Fail', '2015-11-29 17:25:36', NULL),
(1082, 20, 'Reader Fail', '2015-11-29 17:25:36', NULL),
(1083, 21, 'Reader Fail', '2015-11-29 17:25:37', NULL),
(1084, 22, 'Reader Fail', '2015-11-29 17:25:37', NULL),
(1085, 20, 'Lock Close', '2015-11-29 17:26:36', NULL),
(1086, 20, 'Lock Fail', '2015-11-29 17:26:36', NULL),
(1087, 20, 'Reader Fail', '2015-11-29 17:26:36', NULL),
(1088, 21, 'Reader Fail', '2015-11-29 17:26:37', NULL),
(1089, 22, 'Reader Fail', '2015-11-29 17:26:37', NULL),
(1090, 20, 'Lock Close', '2015-11-29 17:27:37', NULL),
(1091, 20, 'Lock Fail', '2015-11-29 17:27:37', NULL),
(1092, 20, 'Reader Fail', '2015-11-29 17:27:37', NULL),
(1093, 21, 'Reader Fail', '2015-11-29 17:27:41', NULL),
(1094, 22, 'Reader Fail', '2015-11-29 17:27:42', NULL),
(1095, 20, 'Lock Close', '2015-11-29 17:28:37', NULL),
(1096, 20, 'Lock Fail', '2015-11-29 17:28:37', NULL),
(1097, 20, 'Reader Fail', '2015-11-29 17:28:37', NULL),
(1098, 21, 'Reader Fail', '2015-11-29 17:28:37', NULL),
(1099, 22, 'Reader Fail', '2015-11-29 17:28:38', NULL),
(1100, 20, 'Lock Close', '2015-11-29 17:29:37', NULL),
(1101, 20, 'Lock Fail', '2015-11-29 17:29:37', NULL),
(1102, 20, 'Reader Fail', '2015-11-29 17:29:37', NULL),
(1103, 21, 'Reader Fail', '2015-11-29 17:29:38', NULL),
(1104, 22, 'Reader Fail', '2015-11-29 17:29:38', NULL),
(1105, 20, 'Lock Close', '2015-11-29 17:30:37', NULL),
(1106, 20, 'Lock Fail', '2015-11-29 17:30:37', NULL),
(1107, 20, 'Reader Fail', '2015-11-29 17:30:37', NULL),
(1108, 21, 'Reader Fail', '2015-11-29 17:30:38', NULL),
(1109, 22, 'Reader Fail', '2015-11-29 17:30:39', NULL),
(1110, 20, 'Lock Close', '2015-11-29 17:31:38', NULL),
(1111, 20, 'Lock Fail', '2015-11-29 17:31:38', NULL),
(1112, 20, 'Reader Fail', '2015-11-29 17:31:38', NULL),
(1113, 21, 'Reader Fail', '2015-11-29 17:31:38', NULL),
(1114, 22, 'Reader Fail', '2015-11-29 17:31:39', NULL),
(1115, 20, 'Lock Close', '2015-11-29 17:32:38', NULL),
(1116, 20, 'Lock Fail', '2015-11-29 17:32:38', NULL),
(1117, 20, 'Reader Fail', '2015-11-29 17:32:38', NULL),
(1118, 21, 'Reader Fail', '2015-11-29 17:32:40', NULL),
(1119, 22, 'Reader Fail', '2015-11-29 17:32:46', NULL),
(1120, 20, 'Lock Close', '2015-11-29 17:33:39', NULL),
(1121, 20, 'Lock Fail', '2015-11-29 17:33:39', NULL),
(1122, 20, 'Reader Fail', '2015-11-29 17:33:39', NULL),
(1123, 21, 'Reader Fail', '2015-11-29 17:33:40', NULL),
(1124, 22, 'Reader Fail', '2015-11-29 17:33:40', NULL),
(1125, 20, 'Lock Close', '2015-11-29 17:34:38', NULL),
(1126, 20, 'Lock Fail', '2015-11-29 17:34:38', NULL),
(1127, 20, 'Reader Fail', '2015-11-29 17:34:38', NULL),
(1128, 21, 'Reader Fail', '2015-11-29 17:34:39', NULL),
(1129, 22, 'Reader Fail', '2015-11-29 17:34:39', NULL),
(1130, 20, 'Lock Close', '2015-11-29 17:35:38', NULL),
(1131, 20, 'Lock Fail', '2015-11-29 17:35:38', NULL),
(1132, 20, 'Reader Fail', '2015-11-29 17:35:38', NULL),
(1133, 21, 'Reader Fail', '2015-11-29 17:35:39', NULL),
(1134, 22, 'Reader Fail', '2015-11-29 17:35:39', NULL),
(1135, 20, 'Lock Close', '2015-11-29 17:36:38', NULL),
(1136, 20, 'Lock Fail', '2015-11-29 17:36:38', NULL),
(1137, 20, 'Reader Fail', '2015-11-29 17:36:38', NULL),
(1138, 21, 'Reader Fail', '2015-11-29 17:36:39', NULL),
(1139, 22, 'Reader Fail', '2015-11-29 17:36:39', NULL),
(1140, 20, 'Lock Close', '2015-11-29 17:37:39', NULL),
(1141, 20, 'Lock Fail', '2015-11-29 17:37:39', NULL),
(1142, 20, 'Reader Fail', '2015-11-29 17:37:39', NULL),
(1143, 21, 'Reader Fail', '2015-11-29 17:37:39', NULL),
(1144, 22, 'Reader Fail', '2015-11-29 17:37:39', NULL),
(1145, 20, 'Lock Close', '2015-11-29 17:38:39', NULL),
(1146, 20, 'Lock Fail', '2015-11-29 17:38:39', NULL),
(1147, 20, 'Reader Fail', '2015-11-29 17:38:39', NULL),
(1148, 21, 'Reader Fail', '2015-11-29 17:38:39', NULL),
(1149, 22, 'Reader Fail', '2015-11-29 17:38:40', NULL),
(1150, 20, 'Lock Close', '2015-11-29 17:39:39', NULL),
(1151, 20, 'Lock Fail', '2015-11-29 17:39:39', NULL),
(1152, 20, 'Reader Fail', '2015-11-29 17:39:39', NULL),
(1153, 21, 'Reader Fail', '2015-11-29 17:39:39', NULL),
(1154, 22, 'Reader Fail', '2015-11-29 17:39:40', NULL),
(1155, 20, 'Lock Close', '2015-11-29 17:40:39', NULL),
(1156, 20, 'Lock Fail', '2015-11-29 17:40:39', NULL),
(1157, 20, 'Reader Fail', '2015-11-29 17:40:39', NULL),
(1158, 21, 'Reader Fail', '2015-11-29 17:40:40', NULL),
(1159, 22, 'Reader Fail', '2015-11-29 17:40:40', NULL),
(1160, 20, 'Lock Close', '2015-11-29 17:41:39', NULL),
(1161, 20, 'Lock Fail', '2015-11-29 17:41:39', NULL),
(1162, 20, 'Reader Fail', '2015-11-29 17:41:39', NULL),
(1163, 21, 'Reader Fail', '2015-11-29 17:41:40', NULL),
(1164, 22, 'Reader Fail', '2015-11-29 17:41:42', NULL),
(1165, 20, 'Lock Close', '2015-11-29 16:36:21', '2015-11-30 14:16:54'),
(1166, 20, 'Reader Fail', '2015-11-30 14:16:54', NULL),
(1167, 21, 'Reader Fail', '2015-11-19 14:32:09', '2015-11-30 14:16:56'),
(1168, 22, 'Reader Fail', '2015-11-30 14:16:57', NULL),
(1169, 20, 'Reader Fail', '2015-11-30 14:17:54', NULL),
(1170, 22, 'Reader Fail', '2015-11-30 14:17:55', NULL),
(1171, 20, 'Reader Fail', '2015-11-30 14:18:54', NULL),
(1172, 22, 'Reader Fail', '2015-11-30 14:18:55', NULL),
(1173, 20, 'Reader Fail', '2015-11-30 14:19:54', NULL),
(1174, 22, 'Reader Fail', '2015-11-30 14:19:56', NULL),
(1175, 20, 'Reader Fail', '2015-11-30 16:11:40', NULL),
(1176, 22, 'Reader Fail', '2015-11-30 16:11:42', NULL),
(1177, 20, 'Reader Fail', '2015-12-01 09:43:16', NULL),
(1178, 22, 'Reader Fail', '2015-12-01 09:43:18', NULL),
(1179, 20, 'Reader Fail', '2015-12-01 09:44:38', NULL),
(1180, 22, 'Reader Fail', '2015-12-01 09:44:39', NULL),
(1181, 20, 'Reader Fail', '2015-12-01 09:45:38', NULL),
(1182, 22, 'Reader Fail', '2015-12-01 09:45:39', NULL),
(1183, 20, 'Reader Fail', '2015-12-05 09:34:52', NULL),
(1184, 21, 'Lock Close', '2015-12-05 09:34:53', NULL),
(1185, 21, 'Lock Fail', '2015-12-05 09:34:53', NULL),
(1186, 22, 'Lock Close', '2015-12-05 09:34:53', NULL),
(1187, 22, 'Lock Fail', '2015-12-05 09:34:53', NULL),
(1188, 22, 'Reader Fail', '2015-12-05 09:34:53', NULL),
(1189, 20, 'Device Not Responding', '2015-12-05 09:35:56', NULL),
(1190, 21, 'Device Not Responding', '2015-12-05 09:36:39', NULL),
(1191, 22, 'Lock Close', '2015-12-05 09:37:05', NULL),
(1192, 22, 'Lock Fail', '2015-12-05 09:37:05', NULL),
(1193, 22, 'Reader Fail', '2015-12-05 09:37:05', NULL),
(1194, 20, 'Device Connected', '2015-12-05 09:35:56', '2015-12-05 09:37:05'),
(1195, 20, 'Reader Fail', '2015-12-05 09:37:06', NULL),
(1196, 20, 'Reader Fail', '2015-12-05 09:37:36', NULL),
(1197, 21, 'Device Connected', '2015-12-05 09:36:38', '2015-12-05 09:37:37'),
(1198, 21, 'Lock Close', '2015-12-05 09:37:37', NULL),
(1199, 21, 'Lock Fail', '2015-12-05 09:37:37', NULL),
(1200, 22, 'Lock Close', '2015-12-05 09:37:38', NULL),
(1201, 22, 'Lock Fail', '2015-12-05 09:37:38', NULL),
(1202, 22, 'Reader Fail', '2015-12-05 09:37:38', NULL),
(1203, 20, 'Reader Fail', '2015-12-05 09:38:36', NULL),
(1204, 21, 'Lock Close', '2015-12-05 09:38:37', NULL),
(1205, 21, 'Lock Fail', '2015-12-05 09:38:37', NULL),
(1206, 22, 'Lock Close', '2015-12-05 09:38:38', NULL),
(1207, 22, 'Lock Fail', '2015-12-05 09:38:38', NULL),
(1208, 22, 'Reader Fail', '2015-12-05 09:38:38', NULL),
(1209, 20, 'Reader Fail', '2015-12-05 10:03:23', NULL),
(1210, 21, 'Lock Close', '2015-12-05 10:03:24', NULL),
(1211, 21, 'Lock Fail', '2015-12-05 10:03:24', NULL),
(1212, 22, 'Lock Close', '2015-12-05 10:03:24', NULL),
(1213, 22, 'Lock Fail', '2015-12-05 10:03:24', NULL),
(1214, 22, 'Reader Fail', '2015-12-05 10:03:24', NULL),
(1215, 20, 'Reader Fail', '2015-12-05 10:04:42', NULL),
(1216, 21, 'Lock Close', '2015-12-05 10:04:43', NULL),
(1217, 21, 'Lock Fail', '2015-12-05 10:04:43', NULL),
(1218, 22, 'Lock Close', '2015-12-05 10:04:43', NULL),
(1219, 22, 'Lock Fail', '2015-12-05 10:04:43', NULL),
(1220, 22, 'Reader Fail', '2015-12-05 10:04:43', NULL),
(1221, 20, 'Reader Fail', '2015-12-05 10:05:42', NULL),
(1222, 21, 'Lock Close', '2015-12-05 10:05:43', NULL),
(1223, 21, 'Lock Fail', '2015-12-05 10:05:43', NULL),
(1224, 22, 'Lock Close', '2015-12-05 10:05:43', NULL),
(1225, 22, 'Lock Fail', '2015-12-05 10:05:43', NULL),
(1226, 22, 'Reader Fail', '2015-12-05 10:05:43', NULL),
(1227, 20, 'Reader Fail', '2015-12-05 10:06:42', NULL),
(1228, 21, 'Lock Close', '2015-12-05 10:06:43', NULL),
(1229, 21, 'Lock Fail', '2015-12-05 10:06:43', NULL),
(1230, 22, 'Lock Close', '2015-12-05 10:06:44', NULL),
(1231, 22, 'Lock Fail', '2015-12-05 10:06:44', NULL),
(1232, 22, 'Reader Fail', '2015-12-05 10:06:44', NULL),
(1233, 20, 'Reader Fail', '2015-12-05 10:07:42', NULL),
(1234, 21, 'Lock Close', '2015-12-05 10:07:43', NULL),
(1235, 21, 'Lock Fail', '2015-12-05 10:07:43', NULL),
(1236, 22, 'Lock Close', '2015-12-05 10:07:44', NULL),
(1237, 22, 'Lock Fail', '2015-12-05 10:07:44', NULL),
(1238, 22, 'Reader Fail', '2015-12-05 10:07:44', NULL),
(1239, 20, 'Reader Fail', '2015-12-05 10:08:43', NULL),
(1240, 21, 'Lock Close', '2015-12-05 10:08:43', NULL),
(1241, 21, 'Lock Fail', '2015-12-05 10:08:43', NULL),
(1242, 22, 'Lock Close', '2015-12-05 10:08:44', NULL),
(1243, 22, 'Lock Fail', '2015-12-05 10:08:44', NULL),
(1244, 22, 'Reader Fail', '2015-12-05 10:08:44', NULL),
(1245, 20, 'Reader Fail', '2015-12-05 10:09:43', NULL),
(1246, 21, 'Lock Close', '2015-12-05 10:09:43', NULL),
(1247, 21, 'Lock Fail', '2015-12-05 10:09:43', NULL),
(1248, 22, 'Lock Close', '2015-12-05 10:09:44', NULL),
(1249, 22, 'Lock Fail', '2015-12-05 10:09:44', NULL),
(1250, 22, 'Reader Fail', '2015-12-05 10:09:44', NULL),
(1251, 20, 'Reader Fail', '2015-12-05 10:10:43', NULL),
(1252, 21, 'Lock Close', '2015-12-05 10:10:44', NULL),
(1253, 21, 'Lock Fail', '2015-12-05 10:10:44', NULL),
(1254, 22, 'Lock Close', '2015-12-05 10:10:45', NULL),
(1255, 22, 'Lock Fail', '2015-12-05 10:10:45', NULL),
(1256, 22, 'Reader Fail', '2015-12-05 10:10:45', NULL),
(1257, 20, 'Reader Fail', '2015-12-05 10:11:43', NULL),
(1258, 21, 'Lock Close', '2015-12-05 10:11:44', NULL),
(1259, 21, 'Lock Fail', '2015-12-05 10:11:44', NULL),
(1260, 22, 'Lock Close', '2015-12-05 10:11:44', NULL),
(1261, 22, 'Lock Fail', '2015-12-05 10:11:44', NULL),
(1262, 22, 'Reader Fail', '2015-12-05 10:11:44', NULL),
(1263, 20, 'Reader Fail', '2015-12-05 10:12:43', NULL),
(1264, 21, 'Lock Close', '2015-12-05 10:12:44', NULL),
(1265, 21, 'Lock Fail', '2015-12-05 10:12:44', NULL),
(1266, 22, 'Lock Close', '2015-12-05 10:12:44', NULL),
(1267, 22, 'Lock Fail', '2015-12-05 10:12:44', NULL),
(1268, 22, 'Reader Fail', '2015-12-05 10:12:44', NULL),
(1269, 20, 'Reader Fail', '2015-12-05 10:13:44', NULL),
(1270, 21, 'Lock Close', '2015-12-05 10:13:44', NULL),
(1271, 21, 'Lock Fail', '2015-12-05 10:13:44', NULL),
(1272, 22, 'Lock Close', '2015-12-05 10:13:45', NULL),
(1273, 22, 'Lock Fail', '2015-12-05 10:13:45', NULL),
(1274, 22, 'Reader Fail', '2015-12-05 10:13:45', NULL),
(1275, 20, 'Reader Fail', '2015-12-05 10:14:44', NULL),
(1276, 21, 'Lock Close', '2015-12-05 10:14:45', NULL),
(1277, 21, 'Lock Fail', '2015-12-05 10:14:45', NULL),
(1278, 22, 'Lock Close', '2015-12-05 10:14:45', NULL),
(1279, 22, 'Lock Fail', '2015-12-05 10:14:45', NULL),
(1280, 22, 'Reader Fail', '2015-12-05 10:14:45', NULL),
(1281, 20, 'Reader Fail', '2015-12-05 10:15:44', NULL),
(1282, 21, 'Lock Close', '2015-12-05 10:15:45', NULL),
(1283, 21, 'Lock Fail', '2015-12-05 10:15:45', NULL),
(1284, 22, 'Lock Close', '2015-12-05 10:15:45', NULL),
(1285, 22, 'Lock Fail', '2015-12-05 10:15:45', NULL),
(1286, 22, 'Reader Fail', '2015-12-05 10:15:45', NULL),
(1287, 20, 'Reader Fail', '2015-12-05 10:16:44', NULL),
(1288, 21, 'Lock Close', '2015-12-05 10:16:45', NULL),
(1289, 21, 'Lock Fail', '2015-12-05 10:16:45', NULL),
(1290, 22, 'Lock Close', '2015-12-05 10:16:45', NULL),
(1291, 22, 'Lock Fail', '2015-12-05 10:16:45', NULL),
(1292, 22, 'Reader Fail', '2015-12-05 10:16:45', NULL),
(1293, 20, 'Reader Fail', '2015-12-05 10:17:44', NULL),
(1294, 21, 'Lock Close', '2015-12-05 10:17:45', NULL),
(1295, 21, 'Lock Fail', '2015-12-05 10:17:45', NULL),
(1296, 22, 'Lock Close', '2015-12-05 10:17:45', NULL),
(1297, 22, 'Lock Fail', '2015-12-05 10:17:45', NULL),
(1298, 22, 'Reader Fail', '2015-12-05 10:17:45', NULL),
(1299, 20, 'Reader Fail', '2015-12-05 10:18:45', NULL),
(1300, 21, 'Lock Close', '2015-12-05 10:18:45', NULL),
(1301, 21, 'Lock Fail', '2015-12-05 10:18:45', NULL),
(1302, 22, 'Lock Close', '2015-12-05 10:18:46', NULL),
(1303, 22, 'Lock Fail', '2015-12-05 10:18:46', NULL),
(1304, 22, 'Reader Fail', '2015-12-05 10:18:46', NULL),
(1305, 20, 'Reader Fail', '2015-12-05 10:19:45', NULL),
(1306, 21, 'Lock Close', '2015-12-05 10:19:45', NULL),
(1307, 21, 'Lock Fail', '2015-12-05 10:19:45', NULL),
(1308, 22, 'Lock Close', '2015-12-05 10:19:46', NULL),
(1309, 22, 'Lock Fail', '2015-12-05 10:19:46', NULL),
(1310, 22, 'Reader Fail', '2015-12-05 10:19:46', NULL),
(1311, 20, 'Reader Fail', '2015-12-05 10:20:45', NULL),
(1312, 21, 'Lock Close', '2015-12-05 10:20:46', NULL),
(1313, 21, 'Lock Fail', '2015-12-05 10:20:46', NULL),
(1314, 22, 'Lock Close', '2015-12-05 10:20:46', NULL),
(1315, 22, 'Lock Fail', '2015-12-05 10:20:46', NULL),
(1316, 22, 'Reader Fail', '2015-12-05 10:20:46', NULL),
(1317, 20, 'Reader Fail', '2015-12-05 10:21:45', NULL),
(1318, 21, 'Lock Close', '2015-12-05 10:21:46', NULL),
(1319, 21, 'Lock Fail', '2015-12-05 10:21:46', NULL),
(1320, 22, 'Lock Close', '2015-12-05 10:21:46', NULL),
(1321, 22, 'Lock Fail', '2015-12-05 10:21:46', NULL),
(1322, 22, 'Reader Fail', '2015-12-05 10:21:46', NULL),
(1323, 20, 'Reader Fail', '2015-12-05 10:22:45', NULL),
(1324, 20, 'Reader Fail', '2015-12-05 10:22:45', NULL),
(1325, 21, 'Lock Close', '2015-12-05 10:22:46', NULL),
(1326, 21, 'Lock Fail', '2015-12-05 10:22:46', NULL),
(1327, 21, 'Lock Close', '2015-12-05 10:22:46', NULL),
(1328, 21, 'Lock Fail', '2015-12-05 10:22:46', NULL),
(1329, 22, 'Lock Close', '2015-12-05 10:22:46', NULL),
(1330, 22, 'Lock Fail', '2015-12-05 10:22:46', NULL),
(1331, 22, 'Reader Fail', '2015-12-05 10:22:46', NULL),
(1332, 22, 'Lock Close', '2015-12-05 10:22:47', NULL),
(1333, 22, 'Lock Fail', '2015-12-05 10:22:47', NULL),
(1334, 22, 'Reader Fail', '2015-12-05 10:22:47', NULL),
(1335, 20, 'Reader Fail', '2015-12-05 10:23:45', NULL),
(1336, 21, 'Lock Close', '2015-12-05 10:23:46', NULL),
(1337, 21, 'Lock Fail', '2015-12-05 10:23:46', NULL),
(1338, 22, 'Lock Close', '2015-12-05 10:23:47', NULL),
(1339, 22, 'Lock Fail', '2015-12-05 10:23:47', NULL),
(1340, 22, 'Reader Fail', '2015-12-05 10:23:47', NULL),
(1341, 20, 'Reader Fail', '2015-12-05 10:24:30', NULL),
(1342, 21, 'Lock Close', '2015-12-05 10:24:30', NULL),
(1343, 21, 'Lock Fail', '2015-12-05 10:24:30', NULL),
(1344, 22, 'Lock Close', '2015-12-05 10:24:31', NULL),
(1345, 22, 'Lock Fail', '2015-12-05 10:24:31', NULL),
(1346, 22, 'Reader Fail', '2015-12-05 10:24:31', NULL),
(1347, 20, 'Reader Fail', '2015-12-05 10:24:46', NULL),
(1348, 21, 'Lock Close', '2015-12-05 10:24:46', NULL),
(1349, 21, 'Lock Fail', '2015-12-05 10:24:46', NULL),
(1350, 22, 'Lock Close', '2015-12-05 10:24:47', NULL),
(1351, 22, 'Lock Fail', '2015-12-05 10:24:47', NULL),
(1352, 22, 'Reader Fail', '2015-12-05 10:24:47', NULL),
(1353, 20, 'Reader Fail', '2015-12-05 10:25:46', NULL),
(1354, 21, 'Lock Close', '2015-12-05 10:25:47', NULL),
(1355, 21, 'Lock Fail', '2015-12-05 10:25:47', NULL),
(1356, 22, 'Lock Close', '2015-12-05 10:25:47', NULL),
(1357, 22, 'Lock Fail', '2015-12-05 10:25:47', NULL),
(1358, 22, 'Reader Fail', '2015-12-05 10:25:47', NULL),
(1359, 20, 'Reader Fail', '2015-12-05 10:26:46', NULL),
(1360, 21, 'Lock Close', '2015-12-05 10:26:47', NULL),
(1361, 21, 'Lock Fail', '2015-12-05 10:26:47', NULL),
(1362, 22, 'Lock Close', '2015-12-05 10:26:47', NULL),
(1363, 22, 'Lock Fail', '2015-12-05 10:26:47', NULL),
(1364, 22, 'Reader Fail', '2015-12-05 10:26:47', NULL),
(1365, 20, 'Reader Fail', '2015-12-05 10:27:46', NULL),
(1366, 21, 'Lock Close', '2015-12-05 10:27:47', NULL),
(1367, 21, 'Lock Fail', '2015-12-05 10:27:47', NULL),
(1368, 22, 'Lock Close', '2015-12-05 10:27:48', NULL),
(1369, 22, 'Lock Fail', '2015-12-05 10:27:48', NULL),
(1370, 22, 'Reader Fail', '2015-12-05 10:27:48', NULL),
(1371, 20, 'Reader Fail', '2015-12-05 10:28:47', NULL),
(1372, 21, 'Lock Close', '2015-12-05 10:28:47', NULL),
(1373, 21, 'Lock Fail', '2015-12-05 10:28:47', NULL),
(1374, 22, 'Lock Close', '2015-12-05 10:28:48', NULL),
(1375, 22, 'Lock Fail', '2015-12-05 10:28:48', NULL),
(1376, 22, 'Reader Fail', '2015-12-05 10:28:48', NULL),
(1377, 20, 'Reader Fail', '2015-12-05 10:29:47', NULL),
(1378, 21, 'Lock Close', '2015-12-05 10:29:47', NULL),
(1379, 21, 'Lock Fail', '2015-12-05 10:29:47', NULL),
(1380, 22, 'Lock Close', '2015-12-05 10:29:48', NULL),
(1381, 22, 'Lock Fail', '2015-12-05 10:29:48', NULL),
(1382, 22, 'Reader Fail', '2015-12-05 10:29:48', NULL),
(1383, 20, 'Reader Fail', '2015-12-05 10:30:41', NULL),
(1384, 21, 'Lock Close', '2015-12-05 10:30:41', NULL),
(1385, 21, 'Lock Fail', '2015-12-05 10:30:41', NULL),
(1386, 22, 'Lock Close', '2015-12-05 10:30:42', NULL),
(1387, 22, 'Lock Fail', '2015-12-05 10:30:42', NULL),
(1388, 22, 'Reader Fail', '2015-12-05 10:30:42', NULL),
(1389, 20, 'Reader Fail', '2015-12-05 10:30:47', NULL),
(1390, 21, 'Lock Close', '2015-12-05 10:30:47', NULL),
(1391, 21, 'Lock Fail', '2015-12-05 10:30:47', NULL),
(1392, 22, 'Lock Close', '2015-12-05 10:30:48', NULL),
(1393, 22, 'Lock Fail', '2015-12-05 10:30:48', NULL),
(1394, 22, 'Reader Fail', '2015-12-05 10:30:48', NULL),
(1395, 20, 'Reader Fail', '2015-12-05 10:31:41', NULL),
(1396, 21, 'Lock Close', '2015-12-05 10:31:41', NULL),
(1397, 21, 'Lock Fail', '2015-12-05 10:31:41', NULL),
(1398, 22, 'Lock Close', '2015-12-05 10:31:42', NULL),
(1399, 22, 'Lock Fail', '2015-12-05 10:31:42', NULL),
(1400, 22, 'Reader Fail', '2015-12-05 10:31:42', NULL),
(1401, 20, 'Reader Fail', '2015-12-05 10:31:47', NULL),
(1402, 21, 'Lock Close', '2015-12-05 10:31:48', NULL),
(1403, 21, 'Lock Fail', '2015-12-05 10:31:48', NULL),
(1404, 22, 'Lock Close', '2015-12-05 10:31:48', NULL),
(1405, 22, 'Lock Fail', '2015-12-05 10:31:48', NULL),
(1406, 22, 'Reader Fail', '2015-12-05 10:31:48', NULL),
(1407, 20, 'Reader Fail', '2015-12-05 10:32:41', NULL),
(1408, 21, 'Lock Close', '2015-12-05 10:32:42', NULL),
(1409, 21, 'Lock Fail', '2015-12-05 10:32:42', NULL),
(1410, 22, 'Lock Close', '2015-12-05 10:32:43', NULL),
(1411, 22, 'Lock Fail', '2015-12-05 10:32:43', NULL),
(1412, 22, 'Reader Fail', '2015-12-05 10:32:43', NULL),
(1413, 20, 'Reader Fail', '2015-12-05 10:32:47', NULL),
(1414, 21, 'Lock Close', '2015-12-05 10:32:48', NULL),
(1415, 21, 'Lock Fail', '2015-12-05 10:32:48', NULL),
(1416, 22, 'Lock Close', '2015-12-05 10:32:48', NULL),
(1417, 22, 'Lock Fail', '2015-12-05 10:32:48', NULL),
(1418, 22, 'Reader Fail', '2015-12-05 10:32:48', NULL),
(1419, 20, 'Reader Fail', '2015-12-05 13:54:46', NULL),
(1420, 21, 'Lock Close', '2015-12-05 13:54:48', NULL),
(1421, 21, 'Lock Fail', '2015-12-05 13:54:48', NULL),
(1422, 22, 'Lock Close', '2015-12-05 13:54:49', NULL),
(1423, 22, 'Lock Fail', '2015-12-05 13:54:49', NULL),
(1424, 22, 'Reader Fail', '2015-12-05 13:54:49', NULL),
(1425, 20, 'Reader Fail', '2015-12-05 13:55:48', NULL),
(1426, 21, 'Lock Close', '2015-12-05 13:55:49', NULL),
(1427, 21, 'Lock Fail', '2015-12-05 13:55:49', NULL),
(1428, 22, 'Lock Close', '2015-12-05 13:55:51', NULL),
(1429, 22, 'Lock Fail', '2015-12-05 13:55:51', NULL),
(1430, 22, 'Reader Fail', '2015-12-05 13:55:51', NULL),
(1431, 20, 'Reader Fail', '2015-12-05 13:56:48', NULL),
(1432, 21, 'Lock Close', '2015-12-05 13:56:49', NULL),
(1433, 21, 'Lock Fail', '2015-12-05 13:56:49', NULL),
(1434, 22, 'Lock Close', '2015-12-05 13:56:50', NULL),
(1435, 22, 'Lock Fail', '2015-12-05 13:56:50', NULL),
(1436, 22, 'Reader Fail', '2015-12-05 13:56:50', NULL),
(1437, 20, 'Reader Fail', '2015-12-05 13:57:50', NULL),
(1438, 21, 'Lock Close', '2015-12-05 13:57:52', NULL),
(1439, 21, 'Lock Fail', '2015-12-05 13:57:52', NULL),
(1440, 22, 'Lock Close', '2015-12-05 13:58:00', NULL),
(1441, 22, 'Lock Fail', '2015-12-05 13:58:00', NULL),
(1442, 22, 'Reader Fail', '2015-12-05 13:58:00', NULL),
(1443, 20, 'Reader Fail', '2015-12-05 13:58:50', NULL),
(1444, 21, 'Lock Close', '2015-12-05 13:58:51', NULL),
(1445, 21, 'Lock Fail', '2015-12-05 13:58:51', NULL),
(1446, 22, 'Lock Close', '2015-12-05 13:58:51', NULL),
(1447, 22, 'Lock Fail', '2015-12-05 13:58:51', NULL),
(1448, 22, 'Reader Fail', '2015-12-05 13:58:51', NULL),
(1449, 20, 'Reader Fail', '2015-12-05 14:09:19', NULL),
(1450, 21, 'Lock Close', '2015-12-05 14:09:20', NULL),
(1451, 21, 'Lock Fail', '2015-12-05 14:09:20', NULL),
(1452, 22, 'Lock Close', '2015-12-05 14:09:21', NULL),
(1453, 22, 'Lock Fail', '2015-12-05 14:09:21', NULL),
(1454, 22, 'Reader Fail', '2015-12-05 14:09:21', NULL),
(1455, 20, 'Reader Fail', '2015-12-05 14:13:15', NULL),
(1456, 21, 'Lock Close', '2015-12-05 14:13:16', NULL),
(1457, 21, 'Lock Fail', '2015-12-05 14:13:16', NULL),
(1458, 22, 'Lock Close', '2015-12-05 14:13:17', NULL),
(1459, 22, 'Lock Fail', '2015-12-05 14:13:17', NULL),
(1460, 22, 'Reader Fail', '2015-12-05 14:13:17', NULL),
(1461, 20, 'Reader Fail', '2015-12-05 14:18:05', NULL),
(1462, 21, 'Lock Close', '2015-12-05 14:18:06', NULL),
(1463, 21, 'Lock Fail', '2015-12-05 14:18:06', NULL),
(1464, 22, 'Lock Close', '2015-12-05 14:18:07', NULL),
(1465, 22, 'Lock Fail', '2015-12-05 14:18:07', NULL),
(1466, 22, 'Reader Fail', '2015-12-05 14:18:07', NULL),
(1467, 20, 'Reader Fail', '2015-12-05 14:19:07', NULL),
(1468, 21, 'Lock Close', '2015-12-05 14:19:09', NULL),
(1469, 21, 'Lock Fail', '2015-12-05 14:19:09', NULL),
(1470, 22, 'Lock Close', '2015-12-05 14:19:09', NULL),
(1471, 22, 'Lock Fail', '2015-12-05 14:19:09', NULL),
(1472, 22, 'Reader Fail', '2015-12-05 14:19:09', NULL),
(1473, 20, 'Reader Fail', '2015-12-05 14:20:26', NULL),
(1474, 21, 'Lock Close', '2015-12-05 14:20:28', NULL),
(1475, 21, 'Lock Fail', '2015-12-05 14:20:28', NULL),
(1476, 22, 'Lock Close', '2015-12-05 14:20:30', NULL),
(1477, 22, 'Lock Fail', '2015-12-05 14:20:30', NULL),
(1478, 22, 'Reader Fail', '2015-12-05 14:20:30', NULL),
(1479, 20, 'Lock Close', '2015-12-05 15:10:15', NULL),
(1480, 20, 'Lock Fail', '2015-12-05 15:10:15', NULL),
(1481, 20, 'Reader Fail', '2015-12-05 15:10:15', NULL),
(1482, 21, 'Lock Close', '2015-12-05 15:10:16', NULL),
(1483, 21, 'Lock Fail', '2015-12-05 15:10:16', NULL),
(1484, 22, 'Lock Close', '2015-12-05 15:10:17', NULL),
(1485, 22, 'Lock Fail', '2015-12-05 15:10:17', NULL),
(1486, 22, 'Reader Fail', '2015-12-05 15:10:17', NULL),
(1487, 20, 'Device Not Responding', '2016-01-30 23:28:58', NULL),
(1488, 20, 'Device Not Responding', '2016-01-31 15:42:12', NULL),
(1489, 22, 'Device Not Responding', '2016-01-31 15:42:13', NULL);

-- --------------------------------------------------------

--
-- Table structure for table `tbl_employee`
--

CREATE TABLE IF NOT EXISTS `tbl_employee` (
  `Id` int(11) NOT NULL,
  `EmployeeId` varchar(30) NOT NULL,
  `EmployeeName` varchar(200) NOT NULL,
  `CardNumber` varchar(30) DEFAULT NULL,
  `SubCentreId` int(11) NOT NULL,
  `PhoneNo` varchar(30) NOT NULL,
  `State` int(11) NOT NULL,
  `CardStatus` int(11) NOT NULL,
  `ModifyTime` datetime NOT NULL,
  `CreateDate` datetime NOT NULL
) ENGINE=InnoDB AUTO_INCREMENT=17 DEFAULT CHARSET=latin1;

--
-- Dumping data for table `tbl_employee`
--

INSERT INTO `tbl_employee` (`Id`, `EmployeeId`, `EmployeeName`, `CardNumber`, `SubCentreId`, `PhoneNo`, `State`, `CardStatus`, `ModifyTime`, `CreateDate`) VALUES
(15, '2015002', 'Bajlul Karim', '0003608370', 1, '01913017899', 1, 2, '2015-11-16 12:28:48', '2015-10-29 11:34:43'),
(16, '201516', 'najmul', '0010251929', 7, '63465', 1, 2, '2015-12-01 07:17:20', '2015-12-01 07:11:16');

-- --------------------------------------------------------

--
-- Table structure for table `tbl_executables`
--

CREATE TABLE IF NOT EXISTS `tbl_executables` (
  `Id` int(11) NOT NULL,
  `IP` varchar(100) NOT NULL,
  `ProcessCommand` varchar(100) NOT NULL
) ENGINE=InnoDB AUTO_INCREMENT=19 DEFAULT CHARSET=latin1;

--
-- Dumping data for table `tbl_executables`
--

INSERT INTO `tbl_executables` (`Id`, `IP`, `ProcessCommand`) VALUES
(10, '192.168.1.20', 'GET_DEVICE_ALARM'),
(11, '192.168.1.20', 'DEVICE_STATUS'),
(12, '192.168.1.20', 'DOOR_OPEN'),
(13, '192.168.1.20', 'DOOR_OPEN'),
(14, '192.168.1.20', 'DOOR_OPEN'),
(15, '192.168.1.20', 'DOOR_OPEN'),
(16, '192.168.1.20', 'DOOR_OPEN'),
(17, '192.168.0.22', 'DOOR_OPEN'),
(18, '192.168.0.22', 'DOOR_OPEN');

-- --------------------------------------------------------

--
-- Table structure for table `tbl_module`
--

CREATE TABLE IF NOT EXISTS `tbl_module` (
  `Id` int(11) NOT NULL,
  `ParentId` int(11) NOT NULL,
  `Name` varchar(150) NOT NULL,
  `Input_identifier_id` varchar(30) NOT NULL,
  `ControllerActionUrl` varchar(50) NOT NULL,
  `Description` varchar(250) NOT NULL,
  `MenuType` varchar(30) NOT NULL
) ENGINE=InnoDB AUTO_INCREMENT=32 DEFAULT CHARSET=latin1;

--
-- Dumping data for table `tbl_module`
--

INSERT INTO `tbl_module` (`Id`, `ParentId`, `Name`, `Input_identifier_id`, `ControllerActionUrl`, `Description`, `MenuType`) VALUES
(1, 0, 'ACS ADMIN', 'acs_admin', '#', 'scsacscscac', 'setup'),
(2, 11, 'Device Information', 'add_device', 'device', 'saaasascsacascasc', 'setup'),
(3, 1, 'User Management', 'add_employee', '#', 'scascascasc', 'setup'),
(4, 3, 'Super Admin', 'super_admin', '#', 'mscnsamcnamscasc', 'setup'),
(5, 3, 'Admin', 'admin', '#', 'cscascasc', 'inline'),
(6, 5, 'Employee Information', 'employee', 'employee', 'cscscsc', 'inline'),
(7, 5, 'User(Subcentre Wise)', 'user', 'user', 'scascascascac', 'inline'),
(8, 0, 'Alarm Configuration', 'alarm_configuration', '#', 'scscxzczxczxc', 'inline'),
(9, 18, 'ACS Alarm View', 'device_function_alarm', 'devicestatuslog', 'devicestatuslog', 'inline'),
(10, 18, 'BTS External View', 'bts_external_alarm', 'alarmlog', 'scscscsc', 'setup'),
(11, 0, 'Sitewise Configuration', 'alarm_text', '#', 'sdssssdcsc', 'setup'),
(12, 11, 'Region', 'region_list', 'region', 'sdsdasdasd', 'report'),
(13, 11, 'Sub Centre', 'subcentre_list', 'subcentre', 'cscscsdc', 'report'),
(14, 11, 'Site Information', 'site_list', 'site', 'scaascascasc', 'subcentre'),
(16, 0, 'Process Command', 'process_command', '#', 'scascacasc', 'report'),
(17, 0, 'Process Features', 'process_features', '#', 'sacascsacas', 'report'),
(18, 0, 'Report', 'show_report', '#', 'sacacascsaca', 'report'),
(19, 18, 'User Activity Log', 'user_activity_log', 'useractivity', 'sssacasasdc', 'setup'),
(20, 4, 'Configurations', 'configuration', 'settings', 'zcscscs', 'setup'),
(21, 4, 'Role Assign', 'role_assign', 'user', 'sadsasd', 'setup'),
(22, 5, 'Change Password', 'change_password_user_name', 'user/changepassword', 'scscscs', 'setup'),
(23, 8, 'Add/Edit Alarms', 'add_edit_alarm', 'alarms/alarmlist', 'sdsdsd', 'setup'),
(24, 8, 'Add/Edit Alarm Status', 'add_bts_alarm', 'alarms/alarmstatuslist', 'sdadad', 'setup'),
(25, 16, 'Door OPen', 'door_open', 'processcommand', 'scsacasc', 'setup'),
(26, 4, 'Schedule Service', 'schedule_service', 'schedule', 'zasas', 'setup'),
(27, 18, 'Employee Activity Log', 'employee_activity_log', 'employeeactivity', 'cscscsc', 'report'),
(28, 18, 'Door Open Log', 'door_open_log', 'dooropenlog', 'ascasc', 'Report'),
(30, 18, 'BTS External Alarm Activity Log', 'BTS_Log_Report', 'activity', 'Report', 'Status'),
(31, 18, 'ACS Alarm Activity Log', 'ACS_Log_Report', 'deviceactivity', 'Alarm Report', 'Status');

-- --------------------------------------------------------

--
-- Table structure for table `tbl_modulemapping`
--

CREATE TABLE IF NOT EXISTS `tbl_modulemapping` (
  `Id` int(11) NOT NULL,
  `ModuleId` int(11) NOT NULL,
  `UserId` int(11) NOT NULL
) ENGINE=InnoDB AUTO_INCREMENT=128 DEFAULT CHARSET=latin1;

--
-- Dumping data for table `tbl_modulemapping`
--

INSERT INTO `tbl_modulemapping` (`Id`, `ModuleId`, `UserId`) VALUES
(47, 15, 3),
(48, 12, 3),
(49, 9, 3),
(50, 16, 3),
(51, 17, 3),
(52, 4, 3),
(53, 3, 3),
(54, 1, 3),
(55, 2, 3),
(56, 5, 3),
(57, 6, 3),
(58, 7, 3),
(59, 8, 3),
(60, 10, 3),
(61, 11, 3),
(62, 13, 3),
(63, 14, 3),
(64, 19, 3),
(85, 3, 4),
(86, 18, 4),
(87, 22, 4),
(88, 19, 4),
(107, 7, 2),
(108, 3, 2),
(109, 11, 2),
(110, 14, 2),
(111, 18, 2),
(112, 17, 2),
(113, 16, 2),
(114, 6, 2),
(115, 2, 2),
(116, 9, 2),
(117, 20, 2),
(118, 22, 2),
(119, 8, 2),
(120, 5, 2),
(121, 19, 2),
(122, 1, 2),
(123, 18, 7),
(124, 16, 7),
(125, 25, 7),
(126, 10, 7),
(127, 8, 7);

-- --------------------------------------------------------

--
-- Table structure for table `tbl_processcommandinfo`
--

CREATE TABLE IF NOT EXISTS `tbl_processcommandinfo` (
  `Id` int(11) NOT NULL,
  `EmployeeId` int(10) NOT NULL,
  `SubcentreId` int(10) NOT NULL,
  `SiteId` int(10) NOT NULL,
  `Purpose` varchar(300) NOT NULL,
  `CommandType` varchar(100) NOT NULL,
  `CommandBy` int(11) NOT NULL,
  `CommandDateTime` datetime NOT NULL,
  `Status` varchar(100) NOT NULL
) ENGINE=InnoDB AUTO_INCREMENT=33 DEFAULT CHARSET=latin1;

--
-- Dumping data for table `tbl_processcommandinfo`
--

INSERT INTO `tbl_processcommandinfo` (`Id`, `EmployeeId`, `SubcentreId`, `SiteId`, `Purpose`, `CommandType`, `CommandBy`, `CommandDateTime`, `Status`) VALUES
(18, 2015002, 1, 6, 'test-5', 'DOOR_OPEN', 3, '2015-10-29 07:20:31', 'Success'),
(19, 2015001, 1, 6, 'test-6', 'DOOR_OPEN', 3, '2015-10-29 07:21:50', 'Success'),
(20, 2015001, 1, 6, 'test-7', 'DOOR_OPEN', 3, '2015-10-29 07:25:13', 'Success'),
(21, 2015001, 1, 6, 'test-8', 'DOOR_OPEN', 3, '2015-10-29 07:27:52', 'Fail'),
(22, 2015001, 2, 7, 'test-11', 'DOOR_OPEN', 7, '2015-10-29 08:07:26', 'Success'),
(23, 2015001, 2, 7, 'test-11', 'DOOR_OPEN', 3, '2015-10-29 11:23:24', 'Success'),
(24, 2015001, 2, 6, '', 'DOOR_OPEN', 3, '2015-11-23 10:44:00', 'Success'),
(25, 2342524, 2, 7, '', 'DOOR_OPEN', 3, '2015-11-23 15:49:45', 'Pending'),
(26, 13345, 2, 6, '', 'DOOR_OPEN', 3, '2016-02-02 09:59:15', 'Pending'),
(27, 13345, 2, 6, '', 'DOOR_OPEN', 3, '2016-02-02 09:59:46', 'Pending'),
(28, 13345, 2, 7, '', 'DOOR_OPEN', 3, '2016-02-02 10:00:32', 'Pending'),
(29, 13345, 2, 8, '', 'DOOR_OPEN', 3, '2016-02-02 10:01:41', 'Pending'),
(30, 2355, 2, 6, '', 'DOOR_OPEN', 3, '2016-02-02 11:02:05', 'Pending'),
(31, 45622, 2, 6, '', 'DOOR_OPEN', 3, '2016-02-02 11:03:28', 'Pending'),
(32, 125, 2, 7, '', 'DOOR_OPEN', 3, '2016-02-04 17:09:21', 'Pending');

-- --------------------------------------------------------

--
-- Table structure for table `tbl_recipentsemail`
--

CREATE TABLE IF NOT EXISTS `tbl_recipentsemail` (
  `Id` int(11) NOT NULL,
  `email` varchar(100) NOT NULL
) ENGINE=InnoDB AUTO_INCREMENT=3 DEFAULT CHARSET=latin1;

--
-- Dumping data for table `tbl_recipentsemail`
--

INSERT INTO `tbl_recipentsemail` (`Id`, `email`) VALUES
(1, 'tarikseu@gmail.com'),
(2, 'khaledikbal@gmail.com');

-- --------------------------------------------------------

--
-- Table structure for table `tbl_region`
--

CREATE TABLE IF NOT EXISTS `tbl_region` (
  `Id` int(11) NOT NULL,
  `name` varchar(200) NOT NULL,
  `description` varchar(300) NOT NULL
) ENGINE=InnoDB AUTO_INCREMENT=4 DEFAULT CHARSET=latin1;

--
-- Dumping data for table `tbl_region`
--

INSERT INTO `tbl_region` (`Id`, `name`, `description`) VALUES
(1, 'Barisal', 'Chittagong Division'),
(2, 'Dhaka-2', 'Dhaka Division-3333'),
(3, 'Sylhet', 'There are 20 sub centers in sYLHET ');

-- --------------------------------------------------------

--
-- Table structure for table `tbl_role`
--

CREATE TABLE IF NOT EXISTS `tbl_role` (
  `Id` int(11) NOT NULL,
  `Name` varchar(100) NOT NULL,
  `Description` varchar(500) NOT NULL
) ENGINE=InnoDB AUTO_INCREMENT=4 DEFAULT CHARSET=latin1;

--
-- Dumping data for table `tbl_role`
--

INSERT INTO `tbl_role` (`Id`, `Name`, `Description`) VALUES
(1, 'Super Admin', 'All permitted'),
(2, 'Admin', 'Partial Allow'),
(3, 'User', 'sdadadad');

-- --------------------------------------------------------

--
-- Table structure for table `tbl_schedule`
--

CREATE TABLE IF NOT EXISTS `tbl_schedule` (
  `Id` int(11) NOT NULL,
  `Description` varchar(200) NOT NULL,
  `Time` time NOT NULL,
  `UpdateTime` tinyint(1) NOT NULL,
  `ClearData` tinyint(1) NOT NULL,
  `ReadData` tinyint(1) NOT NULL,
  `UpdateCard` tinyint(1) NOT NULL
) ENGINE=InnoDB AUTO_INCREMENT=44 DEFAULT CHARSET=latin1;

--
-- Dumping data for table `tbl_schedule`
--

INSERT INTO `tbl_schedule` (`Id`, `Description`, `Time`, `UpdateTime`, `ClearData`, `ReadData`, `UpdateCard`) VALUES
(42, 'Day2', '18:21:00', 0, 0, 1, 0),
(43, 'Day-1', '18:58:00', 0, 0, 1, 0);

-- --------------------------------------------------------

--
-- Table structure for table `tbl_settings`
--

CREATE TABLE IF NOT EXISTS `tbl_settings` (
  `Id` int(11) NOT NULL,
  `Field` varchar(100) NOT NULL,
  `Value` varchar(200) NOT NULL
) ENGINE=InnoDB AUTO_INCREMENT=4 DEFAULT CHARSET=latin1;

--
-- Dumping data for table `tbl_settings`
--

INSERT INTO `tbl_settings` (`Id`, `Field`, `Value`) VALUES
(2, 'conitious_service_data_path', 'E:\\\\test\\\\'),
(3, 'UpdateStatusInterval', '1');

-- --------------------------------------------------------

--
-- Table structure for table `tbl_site`
--

CREATE TABLE IF NOT EXISTS `tbl_site` (
  `Id` int(11) NOT NULL,
  `Name` varchar(200) NOT NULL,
  `SubcentreId` int(11) NOT NULL,
  `ContactNo` varchar(100) NOT NULL,
  `CreateDate` datetime NOT NULL,
  `ModifyTime` datetime NOT NULL
) ENGINE=InnoDB AUTO_INCREMENT=9 DEFAULT CHARSET=latin1;

--
-- Dumping data for table `tbl_site`
--

INSERT INTO `tbl_site` (`Id`, `Name`, `SubcentreId`, `ContactNo`, `CreateDate`, `ModifyTime`) VALUES
(6, 'DHK3', 2, '01913017899', '2015-11-19 09:30:35', '2015-11-19 09:30:35'),
(7, 'uttora', 2, '7865743', '2015-11-19 07:16:21', '2015-11-19 07:16:21'),
(8, 'nikunjo', 2, '017371045', '2015-12-26 05:44:06', '2015-12-26 05:44:06');

-- --------------------------------------------------------

--
-- Table structure for table `tbl_subcentre`
--

CREATE TABLE IF NOT EXISTS `tbl_subcentre` (
  `Id` int(11) NOT NULL,
  `RegionId` int(11) NOT NULL,
  `Name` varchar(100) NOT NULL,
  `Address` varchar(250) NOT NULL,
  `ModifyTime` datetime NOT NULL,
  `CreateDate` datetime NOT NULL
) ENGINE=InnoDB AUTO_INCREMENT=3 DEFAULT CHARSET=latin1;

--
-- Dumping data for table `tbl_subcentre`
--

INSERT INTO `tbl_subcentre` (`Id`, `RegionId`, `Name`, `Address`, `ModifyTime`, `CreateDate`) VALUES
(1, 2, 'Lalbug', '101. Lalbag, Dhaka-1200', '0000-00-00 00:00:00', '0000-00-00 00:00:00'),
(2, 2, 'mirpur', 'Uttara Region 33534535', '2015-11-19 09:31:21', '0000-00-00 00:00:00');

-- --------------------------------------------------------

--
-- Table structure for table `tbl_user`
--

CREATE TABLE IF NOT EXISTS `tbl_user` (
  `Id` int(11) NOT NULL,
  `LoginId` varchar(100) NOT NULL,
  `Password` varchar(100) NOT NULL,
  `EmployeeId` int(11) NOT NULL,
  `RoleId` int(11) NOT NULL,
  `ModifyTime` datetime NOT NULL,
  `CreateDate` datetime NOT NULL
) ENGINE=InnoDB AUTO_INCREMENT=12 DEFAULT CHARSET=latin1;

--
-- Dumping data for table `tbl_user`
--

INSERT INTO `tbl_user` (`Id`, `LoginId`, `Password`, `EmployeeId`, `RoleId`, `ModifyTime`, `CreateDate`) VALUES
(3, 'jueal', 'e10adc3949ba59abbe56e057f20f883e', 11383214, 1, '2015-10-12 11:29:03', '2015-09-17 20:05:24'),
(9, 'faruq1', 'e10adc3949ba59abbe56e057f20f883e', 12101210, 1, '2015-11-04 20:54:04', '2015-11-04 20:54:04'),
(11, 'najmul', '202cb962ac59075b964b07152d234b70', 201516, 1, '2015-12-01 12:34:52', '2015-12-01 12:34:52');

-- --------------------------------------------------------

--
-- Table structure for table `tbl_useractivitylog`
--

CREATE TABLE IF NOT EXISTS `tbl_useractivitylog` (
  `Id` int(11) NOT NULL,
  `tableName` varchar(100) NOT NULL,
  `Description` varchar(1250) NOT NULL,
  `DateTime` datetime NOT NULL,
  `UserId` int(11) NOT NULL
) ENGINE=InnoDB AUTO_INCREMENT=68 DEFAULT CHARSET=latin1;

--
-- Dumping data for table `tbl_useractivitylog`
--

INSERT INTO `tbl_useractivitylog` (`Id`, `tableName`, `Description`, `DateTime`, `UserId`) VALUES
(36, 'tbl_device', 'Device 192.168.1.21 added,a,a,a,b', '2015-11-19 07:16:46', 3),
(38, '', 'Logged in as User,Device 192.168.1.21 added,a,a,a', '2015-11-19 07:44:50', 3),
(41, 'tbl_subcentre', 'RegionName value changed from Sylhet to Dhaka-2, Name value changed from Uttara2 to mirpur,a,a,c', '2015-11-19 09:31:21', 3),
(48, 'tbl_device', 'IP value changed from 192.168.1.23 to 10.220.6.2, Status value changed from 0 to 1,a,b,c,Region NAME CHANGLE SYTELE TO CHITAOGN,STATUS 0 TO 1 AND CARD ID FALIE SJFDSLFS;LDF,D SNM;JDNFKALKFDSBGFJ;NJKDSNFKSA', '2015-11-23 15:41:20', 3),
(49, '', 'Logged in as User', '2016-01-03 05:13:50', 3),
(50, 'tbl_device', 'IP value changed from 192.168.1.23 to 192.168.1.27, SerialNo value changed from 4546562 to 5635', '2016-01-03 11:45:19', 3),
(51, 'tbl_device', 'Device 192.168.1.28 added', '2016-01-03 06:47:25', 3),
(52, '', 'Logged in as User', '2016-01-03 10:25:50', 3),
(53, '', 'Logged in as User', '2016-01-04 06:45:23', 3),
(54, '', 'Logged in as User', '2016-01-05 04:21:41', 3),
(55, '', 'Logged in as User', '2016-01-16 04:31:14', 3),
(56, '', 'Logged in as User', '2016-01-30 07:37:34', 3),
(57, '', 'Logged in as User', '2016-01-30 17:20:50', 3),
(58, '', 'Logged in as User', '2016-01-31 08:07:30', 3),
(59, '', 'Logged in as User', '2016-02-02 04:40:15', 3),
(60, '', 'Logged in as User', '2016-02-04 12:07:35', 3),
(61, '', 'Logged in as User', '2016-02-07 05:00:03', 3),
(62, '', 'Logged in as User', '2016-04-27 08:00:51', 3),
(63, '', 'Logged in as User', '2016-05-19 09:51:27', 3),
(64, '', 'Logged in as User', '2016-05-24 06:29:53', 3),
(65, '', 'Logged in as User', '2016-05-24 06:37:26', 3),
(66, '', 'Logged in as User', '2016-05-25 13:53:33', 3),
(67, '', 'Logged in as User', '2016-05-25 14:03:03', 3);

-- --------------------------------------------------------

--
-- Stand-in structure for view `view_allowedmenu`
--
CREATE TABLE IF NOT EXISTS `view_allowedmenu` (
`ModuleId` int(11)
,`UserId` int(11)
,`Name` varchar(150)
,`ControllerActionUrl` varchar(50)
,`ParentId` int(11)
,`Input_identifier_id` varchar(30)
,`MenuType` varchar(30)
,`Id` int(11)
);

-- --------------------------------------------------------

--
-- Structure for view `acs`
--
DROP TABLE IF EXISTS `acs`;

CREATE ALGORITHM=UNDEFINED DEFINER=`root`@`localhost` SQL SECURITY DEFINER VIEW `acs` AS select `tbl_devicestatusloghistory`.`Id` AS `Id`,`tbl_devicestatusloghistory`.`DeviceId` AS `DeviceId`,`tbl_devicestatusloghistory`.`Status` AS `Status`,`tbl_devicestatusloghistory`.`DStime` AS `DSTime`,`tbl_devicestatusloghistory`.`CStime` AS `CSTime`,`tbl_device`.`IP` AS `IP`,`tbl_device`.`SiteId` AS `SiteId`,`tbl_device`.`SubCentreId` AS `SubcentreId`,`tbl_site`.`Name` AS `SiteName`,`tbl_subcentre`.`Name` AS `SubcentreName`,`tbl_subcentre`.`RegionId` AS `RegionId`,`tbl_region`.`name` AS `RegionName` from ((((`tbl_devicestatusloghistory` join `tbl_device` on((`tbl_devicestatusloghistory`.`DeviceId` = `tbl_device`.`Id`))) join `tbl_site`) join `tbl_subcentre`) join `tbl_region`) where (`tbl_devicestatusloghistory`.`CStime` <> 'null') group by `tbl_devicestatusloghistory`.`DeviceId`;

-- --------------------------------------------------------

--
-- Structure for view `alarmloglastestrecord`
--
DROP TABLE IF EXISTS `alarmloglastestrecord`;

CREATE ALGORITHM=UNDEFINED DEFINER=`root`@`localhost` SQL SECURITY DEFINER VIEW `alarmloglastestrecord` AS select `tbl_alarmlog`.`DeviceId` AS `DeviceId`,`tbl_alarmlog`.`Id` AS `Serial` from `tbl_alarmlog`;

-- --------------------------------------------------------

--
-- Structure for view `alarmloglist`
--
DROP TABLE IF EXISTS `alarmloglist`;

CREATE ALGORITHM=UNDEFINED DEFINER=`root`@`localhost` SQL SECURITY DEFINER VIEW `alarmloglist` AS select `alarmloglastestrecord`.`Serial` AS `Id`,`alarmloglastestrecord`.`DeviceId` AS `DeviceId`,`tbl_alarmlog`.`Alarm` AS `Alarm`,`tbl_alarmlog`.`ATime` AS `ATime`,`tbl_device`.`IP` AS `IP`,`tbl_device`.`SiteId` AS `SiteId`,`tbl_device`.`SubCentreId` AS `SubcentreId`,`tbl_site`.`Name` AS `SiteName`,`tbl_subcentre`.`Name` AS `SubcentreName`,`tbl_subcentre`.`RegionId` AS `RegionId`,`tbl_region`.`name` AS `RegionName` from (((((`alarmloglastestrecord` join `tbl_alarmlog` on((`alarmloglastestrecord`.`Serial` = `tbl_alarmlog`.`Id`))) join `tbl_device` on((`alarmloglastestrecord`.`DeviceId` = `tbl_device`.`Id`))) join `tbl_site` on((`tbl_site`.`Id` = `tbl_device`.`SiteId`))) join `tbl_subcentre` on((`tbl_subcentre`.`Id` = `tbl_device`.`SubCentreId`))) join `tbl_region` on((`tbl_region`.`Id` = `tbl_subcentre`.`RegionId`))) order by `alarmloglastestrecord`.`Serial` desc;

-- --------------------------------------------------------

--
-- Structure for view `bts`
--
DROP TABLE IF EXISTS `bts`;

CREATE ALGORITHM=UNDEFINED DEFINER=`root`@`localhost` SQL SECURITY DEFINER VIEW `bts` AS select `tbl_alarmloghistroy`.`Id` AS `Id`,`tbl_alarmloghistroy`.`DeviceId` AS `DeviceId`,`tbl_alarmloghistroy`.`Alarm` AS `Alarm`,`tbl_alarmloghistroy`.`ATime` AS `ATime`,`tbl_alarmloghistroy`.`CTime` AS `CTime`,`tbl_device`.`IP` AS `IP`,`tbl_device`.`SiteId` AS `SiteId`,`tbl_device`.`SubCentreId` AS `SubcentreId`,`tbl_site`.`Name` AS `SiteName`,`tbl_subcentre`.`Name` AS `SubcentreName`,`tbl_subcentre`.`RegionId` AS `RegionId`,`tbl_region`.`name` AS `RegionName` from ((((`tbl_alarmloghistroy` join `tbl_device` on((`tbl_alarmloghistroy`.`DeviceId` = `tbl_device`.`Id`))) join `tbl_site`) join `tbl_subcentre`) join `tbl_region`) where (`tbl_alarmloghistroy`.`CTime` <> 'null') group by `tbl_alarmloghistroy`.`DeviceId`;

-- --------------------------------------------------------

--
-- Structure for view `devicestatusloglatestrecord`
--
DROP TABLE IF EXISTS `devicestatusloglatestrecord`;

CREATE ALGORITHM=UNDEFINED DEFINER=`root`@`localhost` SQL SECURITY DEFINER VIEW `devicestatusloglatestrecord` AS select `tbl_devicestatuslog`.`DeviceId` AS `DeviceId`,`tbl_devicestatuslog`.`Id` AS `Serial` from `tbl_devicestatuslog`;

-- --------------------------------------------------------

--
-- Structure for view `devicestatusloglist`
--
DROP TABLE IF EXISTS `devicestatusloglist`;

CREATE ALGORITHM=UNDEFINED DEFINER=`root`@`localhost` SQL SECURITY DEFINER VIEW `devicestatusloglist` AS select `devicestatusloglatestrecord`.`Serial` AS `Id`,`devicestatusloglatestrecord`.`DeviceId` AS `DeviceId`,`tbl_devicestatuslog`.`Status` AS `Status`,`tbl_devicestatuslog`.`DStime` AS `DSTime`,`tbl_device`.`IP` AS `IP`,`tbl_device`.`SiteId` AS `SiteId`,`tbl_device`.`SubCentreId` AS `SubcentreId`,`tbl_site`.`Name` AS `SiteName`,`tbl_subcentre`.`Name` AS `SubcentreName`,`tbl_subcentre`.`RegionId` AS `RegionId`,`tbl_region`.`name` AS `RegionName` from (((((`devicestatusloglatestrecord` join `tbl_devicestatuslog` on((`devicestatusloglatestrecord`.`Serial` = `tbl_devicestatuslog`.`Id`))) join `tbl_device` on((`devicestatusloglatestrecord`.`DeviceId` = `tbl_device`.`Id`))) join `tbl_site` on((`tbl_site`.`Id` = `tbl_device`.`SiteId`))) join `tbl_subcentre` on((`tbl_subcentre`.`Id` = `tbl_device`.`SubCentreId`))) join `tbl_region` on((`tbl_region`.`Id` = `tbl_subcentre`.`RegionId`))) order by `devicestatusloglatestrecord`.`Serial` desc;

-- --------------------------------------------------------

--
-- Structure for view `view_allowedmenu`
--
DROP TABLE IF EXISTS `view_allowedmenu`;

CREATE ALGORITHM=UNDEFINED DEFINER=`root`@`localhost` SQL SECURITY DEFINER VIEW `view_allowedmenu` AS select `tbl_modulemapping`.`ModuleId` AS `ModuleId`,`tbl_modulemapping`.`UserId` AS `UserId`,`tbl_module`.`Name` AS `Name`,`tbl_module`.`ControllerActionUrl` AS `ControllerActionUrl`,`tbl_module`.`ParentId` AS `ParentId`,`tbl_module`.`Input_identifier_id` AS `Input_identifier_id`,`tbl_module`.`MenuType` AS `MenuType`,`tbl_module`.`Id` AS `Id` from (`tbl_modulemapping` join `tbl_module` on((`tbl_modulemapping`.`ModuleId` = `tbl_module`.`Id`)));

--
-- Indexes for dumped tables
--

--
-- Indexes for table `ci_cookies`
--
ALTER TABLE `ci_cookies`
  ADD PRIMARY KEY (`id`);

--
-- Indexes for table `ci_sessions`
--
ALTER TABLE `ci_sessions`
  ADD PRIMARY KEY (`session_id`),
  ADD KEY `last_activity_idx` (`last_activity`);

--
-- Indexes for table `manufacturers`
--
ALTER TABLE `manufacturers`
  ADD PRIMARY KEY (`id`);

--
-- Indexes for table `membership`
--
ALTER TABLE `membership`
  ADD PRIMARY KEY (`id`);

--
-- Indexes for table `products`
--
ALTER TABLE `products`
  ADD PRIMARY KEY (`id`);

--
-- Indexes for table `tbl_alarmlog`
--
ALTER TABLE `tbl_alarmlog`
  ADD PRIMARY KEY (`Id`);

--
-- Indexes for table `tbl_alarmloghistroy`
--
ALTER TABLE `tbl_alarmloghistroy`
  ADD PRIMARY KEY (`Id`);

--
-- Indexes for table `tbl_alarmname`
--
ALTER TABLE `tbl_alarmname`
  ADD PRIMARY KEY (`Id`);

--
-- Indexes for table `tbl_alarmstatus`
--
ALTER TABLE `tbl_alarmstatus`
  ADD PRIMARY KEY (`Id`);

--
-- Indexes for table `tbl_alarmtype`
--
ALTER TABLE `tbl_alarmtype`
  ADD PRIMARY KEY (`Id`);

--
-- Indexes for table `tbl_attendancedata`
--
ALTER TABLE `tbl_attendancedata`
  ADD PRIMARY KEY (`Id`);

--
-- Indexes for table `tbl_device`
--
ALTER TABLE `tbl_device`
  ADD PRIMARY KEY (`Id`),
  ADD KEY `SiteId` (`SiteId`);

--
-- Indexes for table `tbl_devicestatuslog`
--
ALTER TABLE `tbl_devicestatuslog`
  ADD PRIMARY KEY (`Id`);

--
-- Indexes for table `tbl_devicestatusloghistory`
--
ALTER TABLE `tbl_devicestatusloghistory`
  ADD PRIMARY KEY (`Id`);

--
-- Indexes for table `tbl_employee`
--
ALTER TABLE `tbl_employee`
  ADD PRIMARY KEY (`Id`);

--
-- Indexes for table `tbl_executables`
--
ALTER TABLE `tbl_executables`
  ADD PRIMARY KEY (`Id`);

--
-- Indexes for table `tbl_module`
--
ALTER TABLE `tbl_module`
  ADD PRIMARY KEY (`Id`);

--
-- Indexes for table `tbl_modulemapping`
--
ALTER TABLE `tbl_modulemapping`
  ADD PRIMARY KEY (`Id`);

--
-- Indexes for table `tbl_processcommandinfo`
--
ALTER TABLE `tbl_processcommandinfo`
  ADD PRIMARY KEY (`Id`);

--
-- Indexes for table `tbl_recipentsemail`
--
ALTER TABLE `tbl_recipentsemail`
  ADD PRIMARY KEY (`Id`);

--
-- Indexes for table `tbl_region`
--
ALTER TABLE `tbl_region`
  ADD PRIMARY KEY (`Id`);

--
-- Indexes for table `tbl_role`
--
ALTER TABLE `tbl_role`
  ADD PRIMARY KEY (`Id`);

--
-- Indexes for table `tbl_schedule`
--
ALTER TABLE `tbl_schedule`
  ADD PRIMARY KEY (`Id`);

--
-- Indexes for table `tbl_settings`
--
ALTER TABLE `tbl_settings`
  ADD PRIMARY KEY (`Id`);

--
-- Indexes for table `tbl_site`
--
ALTER TABLE `tbl_site`
  ADD PRIMARY KEY (`Id`);

--
-- Indexes for table `tbl_subcentre`
--
ALTER TABLE `tbl_subcentre`
  ADD PRIMARY KEY (`Id`);

--
-- Indexes for table `tbl_user`
--
ALTER TABLE `tbl_user`
  ADD PRIMARY KEY (`Id`);

--
-- Indexes for table `tbl_useractivitylog`
--
ALTER TABLE `tbl_useractivitylog`
  ADD PRIMARY KEY (`Id`);

--
-- AUTO_INCREMENT for dumped tables
--

--
-- AUTO_INCREMENT for table `ci_cookies`
--
ALTER TABLE `ci_cookies`
  MODIFY `id` int(11) NOT NULL AUTO_INCREMENT;
--
-- AUTO_INCREMENT for table `manufacturers`
--
ALTER TABLE `manufacturers`
  MODIFY `id` int(11) unsigned NOT NULL AUTO_INCREMENT,AUTO_INCREMENT=3;
--
-- AUTO_INCREMENT for table `membership`
--
ALTER TABLE `membership`
  MODIFY `id` int(11) NOT NULL AUTO_INCREMENT,AUTO_INCREMENT=3;
--
-- AUTO_INCREMENT for table `products`
--
ALTER TABLE `products`
  MODIFY `id` int(11) unsigned NOT NULL AUTO_INCREMENT,AUTO_INCREMENT=3;
--
-- AUTO_INCREMENT for table `tbl_alarmlog`
--
ALTER TABLE `tbl_alarmlog`
  MODIFY `Id` int(11) NOT NULL AUTO_INCREMENT;
--
-- AUTO_INCREMENT for table `tbl_alarmloghistroy`
--
ALTER TABLE `tbl_alarmloghistroy`
  MODIFY `Id` int(11) NOT NULL AUTO_INCREMENT,AUTO_INCREMENT=1547;
--
-- AUTO_INCREMENT for table `tbl_alarmname`
--
ALTER TABLE `tbl_alarmname`
  MODIFY `Id` int(11) NOT NULL AUTO_INCREMENT,AUTO_INCREMENT=14;
--
-- AUTO_INCREMENT for table `tbl_alarmstatus`
--
ALTER TABLE `tbl_alarmstatus`
  MODIFY `Id` int(11) NOT NULL AUTO_INCREMENT,AUTO_INCREMENT=27;
--
-- AUTO_INCREMENT for table `tbl_alarmtype`
--
ALTER TABLE `tbl_alarmtype`
  MODIFY `Id` int(11) NOT NULL AUTO_INCREMENT,AUTO_INCREMENT=3;
--
-- AUTO_INCREMENT for table `tbl_attendancedata`
--
ALTER TABLE `tbl_attendancedata`
  MODIFY `Id` int(11) NOT NULL AUTO_INCREMENT,AUTO_INCREMENT=91;
--
-- AUTO_INCREMENT for table `tbl_device`
--
ALTER TABLE `tbl_device`
  MODIFY `Id` int(11) NOT NULL AUTO_INCREMENT,AUTO_INCREMENT=25;
--
-- AUTO_INCREMENT for table `tbl_devicestatuslog`
--
ALTER TABLE `tbl_devicestatuslog`
  MODIFY `Id` int(11) NOT NULL AUTO_INCREMENT,AUTO_INCREMENT=526;
--
-- AUTO_INCREMENT for table `tbl_devicestatusloghistory`
--
ALTER TABLE `tbl_devicestatusloghistory`
  MODIFY `Id` int(11) NOT NULL AUTO_INCREMENT,AUTO_INCREMENT=1490;
--
-- AUTO_INCREMENT for table `tbl_employee`
--
ALTER TABLE `tbl_employee`
  MODIFY `Id` int(11) NOT NULL AUTO_INCREMENT,AUTO_INCREMENT=17;
--
-- AUTO_INCREMENT for table `tbl_executables`
--
ALTER TABLE `tbl_executables`
  MODIFY `Id` int(11) NOT NULL AUTO_INCREMENT,AUTO_INCREMENT=19;
--
-- AUTO_INCREMENT for table `tbl_module`
--
ALTER TABLE `tbl_module`
  MODIFY `Id` int(11) NOT NULL AUTO_INCREMENT,AUTO_INCREMENT=32;
--
-- AUTO_INCREMENT for table `tbl_modulemapping`
--
ALTER TABLE `tbl_modulemapping`
  MODIFY `Id` int(11) NOT NULL AUTO_INCREMENT,AUTO_INCREMENT=128;
--
-- AUTO_INCREMENT for table `tbl_processcommandinfo`
--
ALTER TABLE `tbl_processcommandinfo`
  MODIFY `Id` int(11) NOT NULL AUTO_INCREMENT,AUTO_INCREMENT=33;
--
-- AUTO_INCREMENT for table `tbl_recipentsemail`
--
ALTER TABLE `tbl_recipentsemail`
  MODIFY `Id` int(11) NOT NULL AUTO_INCREMENT,AUTO_INCREMENT=3;
--
-- AUTO_INCREMENT for table `tbl_region`
--
ALTER TABLE `tbl_region`
  MODIFY `Id` int(11) NOT NULL AUTO_INCREMENT,AUTO_INCREMENT=4;
--
-- AUTO_INCREMENT for table `tbl_role`
--
ALTER TABLE `tbl_role`
  MODIFY `Id` int(11) NOT NULL AUTO_INCREMENT,AUTO_INCREMENT=4;
--
-- AUTO_INCREMENT for table `tbl_schedule`
--
ALTER TABLE `tbl_schedule`
  MODIFY `Id` int(11) NOT NULL AUTO_INCREMENT,AUTO_INCREMENT=44;
--
-- AUTO_INCREMENT for table `tbl_settings`
--
ALTER TABLE `tbl_settings`
  MODIFY `Id` int(11) NOT NULL AUTO_INCREMENT,AUTO_INCREMENT=4;
--
-- AUTO_INCREMENT for table `tbl_site`
--
ALTER TABLE `tbl_site`
  MODIFY `Id` int(11) NOT NULL AUTO_INCREMENT,AUTO_INCREMENT=9;
--
-- AUTO_INCREMENT for table `tbl_subcentre`
--
ALTER TABLE `tbl_subcentre`
  MODIFY `Id` int(11) NOT NULL AUTO_INCREMENT,AUTO_INCREMENT=3;
--
-- AUTO_INCREMENT for table `tbl_user`
--
ALTER TABLE `tbl_user`
  MODIFY `Id` int(11) NOT NULL AUTO_INCREMENT,AUTO_INCREMENT=12;
--
-- AUTO_INCREMENT for table `tbl_useractivitylog`
--
ALTER TABLE `tbl_useractivitylog`
  MODIFY `Id` int(11) NOT NULL AUTO_INCREMENT,AUTO_INCREMENT=68;
/*!40101 SET CHARACTER_SET_CLIENT=@OLD_CHARACTER_SET_CLIENT */;
/*!40101 SET CHARACTER_SET_RESULTS=@OLD_CHARACTER_SET_RESULTS */;
/*!40101 SET COLLATION_CONNECTION=@OLD_COLLATION_CONNECTION */;
